Version,FileName,EditorVersion,Abilities
86,CardAbilitySettings.json,5,"{'ID': 'duos', 'NameID': 'UI_ABILITY_DUOS', 'IconPath': 'data/cards/frames/textures/ability_icons/ability_01.tga', 'AbilityType': 0, 'DataTypeNum1': 20051, 'DataTypeNum2': -1, 'DataTypeNum3': -1, 'ActionType': 0, 'ActionDataTypeFloat': 1.2}"
86,CardAbilitySettings.json,5,"{'ID': 'team_loyalty_major_x3', 'NameID': 'UI_ABILITY_TEAM_LOYALTY3', 'IconPath': 'data/cards/frames/textures/ability_icons/ability_02.tga', 'AbilityType': 1, 'DataTypeNum1': 3, 'DataTypeNum2': -1, 'DataTypeNum3': -1, 'ActionType': 0, 'ActionDataTypeFloat': 1.2}"
86,CardAbilitySettings.json,5,"{'ID': 'team_loyalty_minor_x2', 'NameID': 'UI_ABILITY_TEAM_LOYALTY', 'IconPath': 'data/cards/frames/textures/ability_icons/ability_02.tga', 'AbilityType': 1, 'DataTypeNum1': 2, 'DataTypeNum2': -1, 'DataTypeNum3': -1, 'ActionType': 0, 'ActionDataTypeFloat': 1.15}"
86,CardAbilitySettings.json,5,"{'ID': 'theme_loyalty_max_x4', 'NameID': 'UI_ABILITY_THEME_LOYALTY4', 'IconPath': 'data/cards/frames/textures/ability_icons/ability_06.tga', 'AbilityType': 2, 'DataTypeNum1': 4, 'DataTypeNum2': -1, 'DataTypeNum3': -1, 'ActionType': 0, 'ActionDataTypeFloat': 1.25}"
86,CardAbilitySettings.json,5,"{'ID': 'theme_loyalty_major_x3', 'NameID': 'UI_ABILITY_THEME_LOYALTY3', 'IconPath': 'data/cards/frames/textures/ability_icons/ability_06.tga', 'AbilityType': 2, 'DataTypeNum1': 3, 'DataTypeNum2': -1, 'DataTypeNum3': -1, 'ActionType': 0, 'ActionDataTypeFloat': 1.2}"
86,CardAbilitySettings.json,5,"{'ID': 'theme_loyalty_min_x2', 'NameID': 'UI_ABILITY_THEME_LOYALTY', 'IconPath': 'data/cards/frames/textures/ability_icons/ability_06.tga', 'AbilityType': 2, 'DataTypeNum1': 2, 'DataTypeNum2': -1, 'DataTypeNum3': -1, 'ActionType': 0, 'ActionDataTypeFloat': 1.15}"
86,CardAbilitySettings.json,5,"{'ID': 'hg_clutch_time_friday', 'NameID': 'UI_ABILITY_TIME', 'IconPath': 'data/cards/frames/textures/ability_icons/ability_04.tga', 'AbilityType': 3, 'DataTypeNum1': 0, 'DataTypeNum2': 4, 'DataTypeNum3': -1, 'ActionType': 0, 'ActionDataTypeFloat': 1.15}"
86,CardAbilitySettings.json,5,"{'ID': 'hg_clutch_time_monday', 'NameID': 'UI_ABILITY_TIME', 'IconPath': 'data/cards/frames/textures/ability_icons/ability_04.tga', 'AbilityType': 3, 'DataTypeNum1': 0, 'DataTypeNum2': 0, 'DataTypeNum3': -1, 'ActionType': 0, 'ActionDataTypeFloat': 1.15}"
86,CardAbilitySettings.json,5,"{'ID': 'hg_clutch_time_saturday', 'NameID': 'UI_ABILITY_TIME', 'IconPath': 'data/cards/frames/textures/ability_icons/ability_04.tga', 'AbilityType': 3, 'DataTypeNum1': 0, 'DataTypeNum2': 5, 'DataTypeNum3': -1, 'ActionType': 0, 'ActionDataTypeFloat': 1.15}"
86,CardAbilitySettings.json,5,"{'ID': 'hg_clutch_time_sunday', 'NameID': 'UI_ABILITY_TIME', 'IconPath': 'data/cards/frames/textures/ability_icons/ability_04.tga', 'AbilityType': 3, 'DataTypeNum1': 0, 'DataTypeNum2': 6, 'DataTypeNum3': -1, 'ActionType': 0, 'ActionDataTypeFloat': 1.15}"
86,CardAbilitySettings.json,5,"{'ID': 'hg_clutch_time_thursday', 'NameID': 'UI_ABILITY_TIME', 'IconPath': 'data/cards/frames/textures/ability_icons/ability_04.tga', 'AbilityType': 3, 'DataTypeNum1': 0, 'DataTypeNum2': 3, 'DataTypeNum3': -1, 'ActionType': 0, 'ActionDataTypeFloat': 1.15}"
86,CardAbilitySettings.json,5,"{'ID': 'hg_clutch_time_tuesday', 'NameID': 'UI_ABILITY_TIME', 'IconPath': 'data/cards/frames/textures/ability_icons/ability_04.tga', 'AbilityType': 3, 'DataTypeNum1': 0, 'DataTypeNum2': 1, 'DataTypeNum3': -1, 'ActionType': 0, 'ActionDataTypeFloat': 1.15}"
86,CardAbilitySettings.json,5,"{'ID': 'hg_clutch_time_wednesday', 'NameID': 'UI_ABILITY_TIME', 'IconPath': 'data/cards/frames/textures/ability_icons/ability_04.tga', 'AbilityType': 3, 'DataTypeNum1': 0, 'DataTypeNum2': 2, 'DataTypeNum3': -1, 'ActionType': 0, 'ActionDataTypeFloat': 1.15}"
86,CardAbilitySettings.json,5,"{'ID': 'prime', 'NameID': 'UI_ABILITY_PRIME', 'IconPath': 'data/cards/frames/textures/ability_icons/ability_05.tga', 'AbilityType': 4, 'DataTypeNum1': 0, 'DataTypeNum2': -1, 'DataTypeNum3': -1, 'ActionType': 0, 'ActionDataTypeFloat': 1.25}"
86,CardAbilitySettings.json,5,"{'ID': 'gear_allstars', 'NameID': 'UI_ABILITY_GEAR', 'IconPath': 'data/cards/frames/textures/ability_icons/ability_03.tga', 'AbilityType': 5, 'DataTypeNum1': 5107, 'DataTypeNum2': -1, 'DataTypeNum3': -1, 'ActionType': 0, 'ActionDataTypeFloat': 1.2}"
86,CardAbilitySettings.json,5,"{'ID': 'gear_style', 'NameID': 'UI_ABILITY_GEAR', 'IconPath': 'data/cards/frames/textures/ability_icons/ability_03.tga', 'AbilityType': 5, 'DataTypeNum1': 4012, 'DataTypeNum2': -1, 'DataTypeNum3': -1, 'ActionType': -1, 'ActionDataTypeFloat': 1.0}"
86,CardAbilitySettings.json,5,"{'ID': 'team_loyalty_max_x4', 'NameID': 'UI_ABILITY_TEAM_LOYALTY4', 'IconPath': 'data/cards/frames/textures/ability_icons/ability_02.tga', 'AbilityType': 1, 'DataTypeNum1': 4, 'DataTypeNum2': -1, 'DataTypeNum3': -1, 'ActionType': 0, 'ActionDataTypeFloat': 1.25}"
86,CardAbilitySettings.json,5,"{'ID': 'conference_loyalty_west_x2', 'NameID': 'UI_ABILITY_CONF_WEST_2', 'IconPath': 'data/cards/frames/textures/ability_icons/ability_08.tga', 'AbilityType': 6, 'DataTypeNum1': 2, 'DataTypeNum2': -1, 'DataTypeNum3': 1, 'ActionType': 0, 'ActionDataTypeFloat': 1.15}"
86,CardAbilitySettings.json,5,"{'ID': 'conference_loyalty_west_x3', 'NameID': 'UI_ABILITY_CONF_WEST_3', 'IconPath': 'data/cards/frames/textures/ability_icons/ability_08.tga', 'AbilityType': 6, 'DataTypeNum1': 3, 'DataTypeNum2': -1, 'DataTypeNum3': 1, 'ActionType': 0, 'ActionDataTypeFloat': 1.2}"
86,CardAbilitySettings.json,5,"{'ID': 'conference_loyalty_west_x4', 'NameID': 'UI_ABILITY_CONF_WEST_4', 'IconPath': 'data/cards/frames/textures/ability_icons/ability_08.tga', 'AbilityType': 6, 'DataTypeNum1': 4, 'DataTypeNum2': -1, 'DataTypeNum3': 1, 'ActionType': 0, 'ActionDataTypeFloat': 1.25}"
86,CardAbilitySettings.json,5,"{'ID': 'conference_loyalty_east_x2', 'NameID': 'UI_ABILITY_CONF_EAST_2', 'IconPath': 'data/cards/frames/textures/ability_icons/ability_07.tga', 'AbilityType': 6, 'DataTypeNum1': 2, 'DataTypeNum2': -1, 'DataTypeNum3': 0, 'ActionType': 0, 'ActionDataTypeFloat': 1.15}"
86,CardAbilitySettings.json,5,"{'ID': 'conference_loyalty_east_x3', 'NameID': 'UI_ABILITY_CONF_EAST_3', 'IconPath': 'data/cards/frames/textures/ability_icons/ability_07.tga', 'AbilityType': 6, 'DataTypeNum1': 3, 'DataTypeNum2': -1, 'DataTypeNum3': 0, 'ActionType': 0, 'ActionDataTypeFloat': 1.2}"
86,CardAbilitySettings.json,5,"{'ID': 'conference_loyalty_east_x4', 'NameID': 'UI_ABILITY_CONF_EAST_4', 'IconPath': 'data/cards/frames/textures/ability_icons/ability_07.tga', 'AbilityType': 6, 'DataTypeNum1': 4, 'DataTypeNum2': -1, 'DataTypeNum3': 0, 'ActionType': 0, 'ActionDataTypeFloat': 1.25}"
86,CardAbilitySettings.json,5,"{'ID': 'gear_master', 'NameID': 'UI_ABILITY_GEARM', 'IconPath': 'data/cards/frames/textures/ability_icons/ability_09.tga', 'AbilityType': 7, 'DataTypeNum1': 0, 'DataTypeNum2': -1, 'DataTypeNum3': -1, 'ActionType': 1, 'ActionDataTypeFloat': 1.2}"
86,CardAbilitySettings.json,5,"{'ID': 'clutch_allen_duos', 'NameID': 'UI_ABILITY_DUOS', 'IconPath': 'data/cards/frames/textures/ability_icons/ability_01.tga', 'AbilityType': 0, 'DataTypeNum1': 20318, 'DataTypeNum2': -1, 'DataTypeNum3': -1, 'ActionType': 0, 'ActionDataTypeFloat': 1.2}"
86,CardAbilitySettings.json,5,"{'ID': 'clutch_adebayo_duos', 'NameID': 'UI_ABILITY_DUOS', 'IconPath': 'data/cards/frames/textures/ability_icons/ability_01.tga', 'AbilityType': 0, 'DataTypeNum1': 20329, 'DataTypeNum2': -1, 'DataTypeNum3': -1, 'ActionType': 0, 'ActionDataTypeFloat': 1.2}"
86,CardAbilitySettings.json,5,"{'ID': 'fall_theme loyalty - minor', 'NameID': 'UI_ABILITY_THEME_LOYALTY', 'IconPath': 'data/cards/frames/textures/ability_icons/ability_06.tga', 'AbilityType': 2, 'DataTypeNum1': 2, 'DataTypeNum2': 5, 'DataTypeNum3': -1, 'ActionType': 0, 'ActionDataTypeFloat': 1.15}"
86,CardAbilitySettings.json,5,"{'ID': 'fall_tatum_duos', 'NameID': 'UI_ABILITY_DUOS', 'IconPath': 'data/cards/frames/textures/ability_icons/ability_01.tga', 'AbilityType': 0, 'DataTypeNum1': 20343, 'DataTypeNum2': -1, 'DataTypeNum3': -1, 'ActionType': 0, 'ActionDataTypeFloat': 1.2}"
86,CardAbilitySettings.json,5,"{'ID': 'fall_brown_duos', 'NameID': 'UI_ABILITY_DUOS', 'IconPath': 'data/cards/frames/textures/ability_icons/ability_01.tga', 'AbilityType': 0, 'DataTypeNum1': 20336, 'DataTypeNum2': -1, 'DataTypeNum3': -1, 'ActionType': 0, 'ActionDataTypeFloat': 1.2}"
86,CardAbilitySettings.json,5,"{'ID': 'fall_murray_duos', 'NameID': 'UI_ABILITY_DUOS', 'IconPath': 'data/cards/frames/textures/ability_icons/ability_01.tga', 'AbilityType': 0, 'DataTypeNum1': 20332, 'DataTypeNum2': -1, 'DataTypeNum3': -1, 'ActionType': 0, 'ActionDataTypeFloat': 1.2}"
86,CardAbilitySettings.json,5,"{'ID': 'fall_porterjr_duos', 'NameID': 'UI_ABILITY_DUOS', 'IconPath': 'data/cards/frames/textures/ability_icons/ability_01.tga', 'AbilityType': 0, 'DataTypeNum1': 20342, 'DataTypeNum2': -1, 'DataTypeNum3': -1, 'ActionType': 0, 'ActionDataTypeFloat': 1.2}"
86,CardAbilitySettings.json,5,"{'ID': 'mostimprov_rose_duos', 'NameID': 'UI_ABILITY_DUOS', 'IconPath': 'data/cards/frames/textures/ability_icons/ability_01.tga', 'AbilityType': 0, 'DataTypeNum1': 20357, 'DataTypeNum2': -1, 'DataTypeNum3': -1, 'ActionType': 0, 'ActionDataTypeFloat': 1.2}"
86,CardAbilitySettings.json,5,"{'ID': 'mostimprov_oneal_duos', 'NameID': 'UI_ABILITY_DUOS', 'IconPath': 'data/cards/frames/textures/ability_icons/ability_01.tga', 'AbilityType': 0, 'DataTypeNum1': 20360, 'DataTypeNum2': -1, 'DataTypeNum3': -1, 'ActionType': 0, 'ActionDataTypeFloat': 1.2}"
86,CardAbilitySettings.json,5,"{'ID': 'mostimprov_mccollum_duos', 'NameID': 'UI_ABILITY_DUOS', 'IconPath': 'data/cards/frames/textures/ability_icons/ability_01.tga', 'AbilityType': 0, 'DataTypeNum1': 20352, 'DataTypeNum2': -1, 'DataTypeNum3': -1, 'ActionType': 0, 'ActionDataTypeFloat': 1.2}"
86,CardAbilitySettings.json,5,"{'ID': 'mostimprov_randolph_duos', 'NameID': 'UI_ABILITY_DUOS', 'IconPath': 'data/cards/frames/textures/ability_icons/ability_01.tga', 'AbilityType': 0, 'DataTypeNum1': 20362, 'DataTypeNum2': -1, 'DataTypeNum3': -1, 'ActionType': 0, 'ActionDataTypeFloat': 1.2}"
86,CardAbilitySettings.json,5,"{'ID': 'ticket_holder', 'NameID': 'UI_ABILITY_TICKET_HOLDER', 'IconPath': 'data/cards/frames/textures/ability_icons/ability_10.tga', 'AbilityType': 8, 'DataTypeNum1': 0, 'DataTypeNum2': -1, 'DataTypeNum3': -1, 'ActionType': 2, 'ActionDataTypeFloat': 1.1}"
86,CardAbilitySettings.json,5,"{'ID': 'mvp_theme_loyalty_minor', 'NameID': 'UI_ABILITY_THEME_LOYALTY', 'IconPath': 'data/cards/frames/textures/ability_icons/ability_06.tga', 'AbilityType': 2, 'DataTypeNum1': 2, 'DataTypeNum2': 3, 'DataTypeNum3': -1, 'ActionType': 0, 'ActionDataTypeFloat': 1.15}"
86,CardAbilitySettings.json,5,"{'ID': 'ankle_breakers', 'NameID': 'UI_ABILITY_ANKLE_BREAKERS', 'IconPath': 'data/ui/textures/common_elements/icons/ability_icons/ability_10_ankle_breakers.tga', 'AbilityType': 9, 'DataTypeNum1': 0, 'DataTypeNum2': -1, 'DataTypeNum3': -1, 'ActionType': 2, 'ActionDataTypeFloat': 1.15}"
86,CardAbilitySettings.json,5,"{'ID': 'rookies2022_suggs_duos', 'NameID': 'UI_ABILITY_DUOS', 'IconPath': 'data/cards/frames/textures/ability_icons/ability_01.tga', 'AbilityType': 0, 'DataTypeNum1': 20439, 'DataTypeNum2': -1, 'DataTypeNum3': -1, 'ActionType': 0, 'ActionDataTypeFloat': 1.2}"
86,CardAbilitySettings.json,5,"{'ID': 'rookies2022_wagner_duos', 'NameID': 'UI_ABILITY_DUOS', 'IconPath': 'data/cards/frames/textures/ability_icons/ability_01.tga', 'AbilityType': 0, 'DataTypeNum1': 20445, 'DataTypeNum2': -1, 'DataTypeNum3': -1, 'ActionType': 0, 'ActionDataTypeFloat': 1.2}"
86,CardAbilitySettings.json,5,"{'ID': 'rookies2022_moody_duos', 'NameID': 'UI_ABILITY_DUOS', 'IconPath': 'data/cards/frames/textures/ability_icons/ability_01.tga', 'AbilityType': 0, 'DataTypeNum1': 20449, 'DataTypeNum2': -1, 'DataTypeNum3': -1, 'ActionType': 0, 'ActionDataTypeFloat': 1.2}"
86,CardAbilitySettings.json,5,"{'ID': 'rookies2022_kuminga_duos', 'NameID': 'UI_ABILITY_DUOS', 'IconPath': 'data/cards/frames/textures/ability_icons/ability_01.tga', 'AbilityType': 0, 'DataTypeNum1': 20442, 'DataTypeNum2': -1, 'DataTypeNum3': -1, 'ActionType': 0, 'ActionDataTypeFloat': 1.2}"
86,CardAbilitySettings.json,5,"{'ID': 'rookies2022_mann_duos', 'NameID': 'UI_ABILITY_DUOS', 'IconPath': 'data/cards/frames/textures/ability_icons/ability_01.tga', 'AbilityType': 0, 'DataTypeNum1': 20450, 'DataTypeNum2': -1, 'DataTypeNum3': -1, 'ActionType': 0, 'ActionDataTypeFloat': 1.2}"
86,CardAbilitySettings.json,5,"{'ID': 'rookies2022_jones_duos', 'NameID': 'UI_ABILITY_DUOS', 'IconPath': 'data/cards/frames/textures/ability_icons/ability_01.tga', 'AbilityType': 0, 'DataTypeNum1': 20453, 'DataTypeNum2': -1, 'DataTypeNum3': -1, 'ActionType': 0, 'ActionDataTypeFloat': 1.2}"
86,CardAbilitySettings.json,5,"{'ID': 'rookies2022_bouknight_duos', 'NameID': 'UI_ABILITY_DUOS', 'IconPath': 'data/cards/frames/textures/ability_icons/ability_01.tga', 'AbilityType': 0, 'DataTypeNum1': 20446, 'DataTypeNum2': -1, 'DataTypeNum3': -1, 'ActionType': 0, 'ActionDataTypeFloat': 1.2}"
86,CardAbilitySettings.json,5,"{'ID': 'rookies2022_giddey_duos', 'NameID': 'UI_ABILITY_DUOS', 'IconPath': 'data/cards/frames/textures/ability_icons/ability_01.tga', 'AbilityType': 0, 'DataTypeNum1': 20443, 'DataTypeNum2': -1, 'DataTypeNum3': -1, 'ActionType': 0, 'ActionDataTypeFloat': 1.2}"
86,CardAbilitySettings.json,5,"{'ID': 'playcallers_theme loyalty_minor', 'NameID': 'UI_ABILITY_THEME_LOYALTY', 'IconPath': 'data/cards/frames/textures/ability_icons/ability_06.tga', 'AbilityType': 2, 'DataTypeNum1': 2, 'DataTypeNum2': 10, 'DataTypeNum3': -1, 'ActionType': 0, 'ActionDataTypeFloat': 1.15}"
86,CardAbilitySettings.json,5,"{'ID': 'super_clutch_sunday', 'NameID': 'UI_ABILITY_TIME', 'IconPath': 'data/cards/frames/textures/ability_icons/ability_04.tga', 'AbilityType': 3, 'DataTypeNum1': 0, 'DataTypeNum2': 6, 'DataTypeNum3': -1, 'ActionType': 0, 'ActionDataTypeFloat': 1.25}"
86,CardAbilitySettings.json,5,"{'ID': 'all-decade80s_thomas_duos', 'NameID': 'UI_ABILITY_DUOS', 'IconPath': 'data/cards/frames/textures/ability_icons/ability_01.tga', 'AbilityType': 0, 'DataTypeNum1': 20633, 'DataTypeNum2': -1, 'DataTypeNum3': -1, 'ActionType': 0, 'ActionDataTypeFloat': 1.2}"
86,CardAbilitySettings.json,5,"{'ID': 'all-decade80s_dumars_duos', 'NameID': 'UI_ABILITY_DUOS', 'IconPath': 'data/cards/frames/textures/ability_icons/ability_01.tga', 'AbilityType': 0, 'DataTypeNum1': 20649, 'DataTypeNum2': -1, 'DataTypeNum3': -1, 'ActionType': 0, 'ActionDataTypeFloat': 1.2}"
86,CardAbilitySettings.json,5,"{'ID': 'all-decade80s_worthy_duos', 'NameID': 'UI_ABILITY_DUOS', 'IconPath': 'data/cards/frames/textures/ability_icons/ability_01.tga', 'AbilityType': 0, 'DataTypeNum1': 20638, 'DataTypeNum2': -1, 'DataTypeNum3': -1, 'ActionType': 0, 'ActionDataTypeFloat': 1.2}"
86,CardAbilitySettings.json,5,"{'ID': 'all-decade80s_kareem_duos', 'NameID': 'UI_ABILITY_DUOS', 'IconPath': 'data/cards/frames/textures/ability_icons/ability_01.tga', 'AbilityType': 0, 'DataTypeNum1': 20642, 'DataTypeNum2': -1, 'DataTypeNum3': -1, 'ActionType': 0, 'ActionDataTypeFloat': 1.2}"
86,CardAbilitySettings.json,5,"{'ID': 'all-decade80s_theme_loyalty_major', 'NameID': 'UI_ABILITY_THEME_LOYALTY3', 'IconPath': 'data/cards/frames/textures/ability_icons/ability_06.tga', 'AbilityType': 2, 'DataTypeNum1': 3, 'DataTypeNum2': 14, 'DataTypeNum3': -1, 'ActionType': 0, 'ActionDataTypeFloat': 1.2}"
86,CardAbilitySettings.json,5,"{'ID': 'yearofthetiger_leonard_duos', 'NameID': 'UI_ABILITY_DUOS', 'IconPath': 'data/cards/frames/textures/ability_icons/ability_01.tga', 'AbilityType': 0, 'DataTypeNum1': 20654, 'DataTypeNum2': -1, 'DataTypeNum3': -1, 'ActionType': 0, 'ActionDataTypeFloat': 1.2}"
86,CardAbilitySettings.json,5,"{'ID': 'yearofthetiger_griffin_duos', 'NameID': 'UI_ABILITY_DUOS', 'IconPath': 'data/cards/frames/textures/ability_icons/ability_01.tga', 'AbilityType': 0, 'DataTypeNum1': 20655, 'DataTypeNum2': -1, 'DataTypeNum3': -1, 'ActionType': 0, 'ActionDataTypeFloat': 1.2}"
86,CardAbilitySettings.json,5,"{'ID': 'yearofthetiger_herro_duos', 'NameID': 'UI_ABILITY_DUOS', 'IconPath': 'data/cards/frames/textures/ability_icons/ability_01.tga', 'AbilityType': 0, 'DataTypeNum1': 20661, 'DataTypeNum2': -1, 'DataTypeNum3': -1, 'ActionType': 0, 'ActionDataTypeFloat': 1.2}"
86,CardAbilitySettings.json,5,"{'ID': 'yearofthetiger_adebayo_duos', 'NameID': 'UI_ABILITY_DUOS', 'IconPath': 'data/cards/frames/textures/ability_icons/ability_01.tga', 'AbilityType': 0, 'DataTypeNum1': 20663, 'DataTypeNum2': -1, 'DataTypeNum3': -1, 'ActionType': 0, 'ActionDataTypeFloat': 1.2}"
86,CardAbilitySettings.json,5,"{'ID': 'yearofthetiger_davis_duos', 'NameID': 'UI_ABILITY_DUOS', 'IconPath': 'data/cards/frames/textures/ability_icons/ability_01.tga', 'AbilityType': 0, 'DataTypeNum1': 20664, 'DataTypeNum2': -1, 'DataTypeNum3': -1, 'ActionType': 0, 'ActionDataTypeFloat': 1.2}"
86,CardAbilitySettings.json,5,"{'ID': 'yearofthetiger_baylor_duos', 'NameID': 'UI_ABILITY_DUOS', 'IconPath': 'data/cards/frames/textures/ability_icons/ability_01.tga', 'AbilityType': 0, 'DataTypeNum1': 20665, 'DataTypeNum2': -1, 'DataTypeNum3': -1, 'ActionType': 0, 'ActionDataTypeFloat': 1.2}"
86,CardAbilitySettings.json,5,"{'ID': 'yearofthetiger_themeloyalty_major', 'NameID': 'UI_ABILITY_THEME_LOYALTY3', 'IconPath': 'data/cards/frames/textures/ability_icons/ability_06.tga', 'AbilityType': 2, 'DataTypeNum1': 3, 'DataTypeNum2': 15, 'DataTypeNum3': -1, 'ActionType': 0, 'ActionDataTypeFloat': 1.2}"
86,CardAbilitySettings.json,5,"{'ID': 'rainmakers_curry_duos', 'NameID': 'UI_ABILITY_DUOS', 'IconPath': 'data/cards/frames/textures/ability_icons/ability_01.tga', 'AbilityType': 0, 'DataTypeNum1': 20697, 'DataTypeNum2': -1, 'DataTypeNum3': -1, 'ActionType': 0, 'ActionDataTypeFloat': 1.2}"
86,CardAbilitySettings.json,5,"{'ID': 'rainmakers_mullin_duos', 'NameID': 'UI_ABILITY_DUOS', 'IconPath': 'data/cards/frames/textures/ability_icons/ability_01.tga', 'AbilityType': 0, 'DataTypeNum1': 20703, 'DataTypeNum2': -1, 'DataTypeNum3': -1, 'ActionType': 0, 'ActionDataTypeFloat': 1.2}"
86,CardAbilitySettings.json,5,"{'ID': 'rainmakers_stojakovic_duos', 'NameID': 'UI_ABILITY_DUOS', 'IconPath': 'data/cards/frames/textures/ability_icons/ability_01.tga', 'AbilityType': 0, 'DataTypeNum1': 20712, 'DataTypeNum2': -1, 'DataTypeNum3': -1, 'ActionType': 0, 'ActionDataTypeFloat': 1.2}"
86,CardAbilitySettings.json,5,"{'ID': 'rainmakers_haliburton_duos', 'NameID': 'UI_ABILITY_DUOS', 'IconPath': 'data/cards/frames/textures/ability_icons/ability_01.tga', 'AbilityType': 0, 'DataTypeNum1': 20709, 'DataTypeNum2': -1, 'DataTypeNum3': -1, 'ActionType': 0, 'ActionDataTypeFloat': 1.2}"
86,CardAbilitySettings.json,5,"{'ID': 'enshrinedgreats_maravich_duos', 'NameID': 'UI_ABILITY_DUOS', 'IconPath': 'data/cards/frames/textures/ability_icons/ability_01.tga', 'AbilityType': 0, 'DataTypeNum1': 20797, 'DataTypeNum2': -1, 'DataTypeNum3': -1, 'ActionType': 0, 'ActionDataTypeFloat': 1.2}"
86,CardAbilitySettings.json,5,"{'ID': 'enshrinedgreats_wallace_duos', 'NameID': 'UI_ABILITY_DUOS', 'IconPath': 'data/cards/frames/textures/ability_icons/ability_01.tga', 'AbilityType': 0, 'DataTypeNum1': 20798, 'DataTypeNum2': -1, 'DataTypeNum3': -1, 'ActionType': 0, 'ActionDataTypeFloat': 1.2}"
86,CardAbilitySettings.json,5,"{'ID': 'enshrinedgreats_rodman_duos', 'NameID': 'UI_ABILITY_DUOS', 'IconPath': 'data/cards/frames/textures/ability_icons/ability_01.tga', 'AbilityType': 0, 'DataTypeNum1': 20794, 'DataTypeNum2': -1, 'DataTypeNum3': -1, 'ActionType': 0, 'ActionDataTypeFloat': 1.2}"
86,CardAbilitySettings.json,5,"{'ID': 'enshrinedgreats_mutombo_duos', 'NameID': 'UI_ABILITY_DUOS', 'IconPath': 'data/cards/frames/textures/ability_icons/ability_01.tga', 'AbilityType': 0, 'DataTypeNum1': 20789, 'DataTypeNum2': -1, 'DataTypeNum3': -1, 'ActionType': 0, 'ActionDataTypeFloat': 1.2}"
86,CardAbilitySettings.json,5,"{'ID': 'giant', 'NameID': 'UI_ABILITY_GIANT', 'IconPath': 'data/ui/textures/common_elements/icons/ability_icons/ability_10_ankle_breakers.tga', 'AbilityType': 9, 'DataTypeNum1': 0, 'DataTypeNum2': -1, 'DataTypeNum3': -1, 'ActionType': 2, 'ActionDataTypeFloat': 1.15}"
86,CardAbilitySettings.json,5,"{'ID': 'southpaw_ themeloyaltyx3', 'NameID': 'UI_ABILITY_THEME_LOYALTY3', 'IconPath': 'data/cards/frames/textures/ability_icons/ability_06.tga', 'AbilityType': 2, 'DataTypeNum1': 3, 'DataTypeNum2': 25, 'DataTypeNum3': -1, 'ActionType': 0, 'ActionDataTypeFloat': 1.2}"
86,CardAbilitySettings.json,5,"{'ID': 'rolemodels_james_duos', 'NameID': 'UI_ABILITY_DUOS', 'IconPath': 'data/cards/frames/textures/ability_icons/ability_01.tga', 'AbilityType': 0, 'DataTypeNum1': 21178, 'DataTypeNum2': -1, 'DataTypeNum3': -1, 'ActionType': 0, 'ActionDataTypeFloat': 1.2}"
86,CardAbilitySettings.json,5,"{'ID': 'rolemodels_davis_duos', 'NameID': 'UI_ABILITY_DUOS', 'IconPath': 'data/cards/frames/textures/ability_icons/ability_01.tga', 'AbilityType': 0, 'DataTypeNum1': 21179, 'DataTypeNum2': -1, 'DataTypeNum3': -1, 'ActionType': 0, 'ActionDataTypeFloat': 1.2}"
86,CardAbilitySettings.json,5,"{'ID': 'rolemodels_stojakovic_duos', 'NameID': 'UI_ABILITY_DUOS', 'IconPath': 'data/cards/frames/textures/ability_icons/ability_01.tga', 'AbilityType': 0, 'DataTypeNum1': 21185, 'DataTypeNum2': -1, 'DataTypeNum3': -1, 'ActionType': 0, 'ActionDataTypeFloat': 1.2}"
86,CardAbilitySettings.json,5,"{'ID': 'rolemodels_randolph_duos', 'NameID': 'UI_ABILITY_DUOS', 'IconPath': 'data/cards/frames/textures/ability_icons/ability_01.tga', 'AbilityType': 0, 'DataTypeNum1': 21192, 'DataTypeNum2': -1, 'DataTypeNum3': -1, 'ActionType': 0, 'ActionDataTypeFloat': 1.2}"
86,CardAbilitySettings.json,5,"{'ID': 'rolemodels_hill_duos', 'NameID': 'UI_ABILITY_DUOS', 'IconPath': 'data/cards/frames/textures/ability_icons/ability_01.tga', 'AbilityType': 0, 'DataTypeNum1': 21201, 'DataTypeNum2': -1, 'DataTypeNum3': -1, 'ActionType': 0, 'ActionDataTypeFloat': 1.2}"
86,CardAbilitySettings.json,5,"{'ID': 'rolemodels_middleton_duos', 'NameID': 'UI_ABILITY_DUOS', 'IconPath': 'data/cards/frames/textures/ability_icons/ability_01.tga', 'AbilityType': 0, 'DataTypeNum1': 21194, 'DataTypeNum2': -1, 'DataTypeNum3': -1, 'ActionType': 0, 'ActionDataTypeFloat': 1.2}"
86,CardAbilitySettings.json,5,"{'ID': 'hg90s_jordan_duos', 'NameID': 'UI_ABILITY_DUOS', 'IconPath': 'data/cards/frames/textures/ability_icons/ability_01.tga', 'AbilityType': 0, 'DataTypeNum1': 21203, 'DataTypeNum2': -1, 'DataTypeNum3': -1, 'ActionType': 0, 'ActionDataTypeFloat': 1.2}"
86,CardAbilitySettings.json,5,"{'ID': 'hg90s_pippen_duos', 'NameID': 'UI_ABILITY_DUOS', 'IconPath': 'data/cards/frames/textures/ability_icons/ability_01.tga', 'AbilityType': 0, 'DataTypeNum1': 21205, 'DataTypeNum2': -1, 'DataTypeNum3': -1, 'ActionType': 0, 'ActionDataTypeFloat': 1.2}"
86,CardAbilitySettings.json,5,"{'ID': 'hg90s_robinson_duos', 'NameID': 'UI_ABILITY_DUOS', 'IconPath': 'data/cards/frames/textures/ability_icons/ability_01.tga', 'AbilityType': 0, 'DataTypeNum1': 21212, 'DataTypeNum2': -1, 'DataTypeNum3': -1, 'ActionType': 0, 'ActionDataTypeFloat': 1.2}"
86,CardAbilitySettings.json,5,"{'ID': 'hg90s_duncan_duos', 'NameID': 'UI_ABILITY_DUOS', 'IconPath': 'data/cards/frames/textures/ability_icons/ability_01.tga', 'AbilityType': 0, 'DataTypeNum1': 21210, 'DataTypeNum2': -1, 'DataTypeNum3': -1, 'ActionType': 0, 'ActionDataTypeFloat': 1.2}"
86,CardAbilitySettings.json,5,"{'ID': 'hg90s_mullin_duos', 'NameID': 'UI_ABILITY_DUOS', 'IconPath': 'data/cards/frames/textures/ability_icons/ability_01.tga', 'AbilityType': 0, 'DataTypeNum1': 21211, 'DataTypeNum2': -1, 'DataTypeNum3': -1, 'ActionType': 0, 'ActionDataTypeFloat': 1.2}"
86,CardAbilitySettings.json,5,"{'ID': 'hg90s_hardaway_duos', 'NameID': 'UI_ABILITY_DUOS', 'IconPath': 'data/cards/frames/textures/ability_icons/ability_01.tga', 'AbilityType': 0, 'DataTypeNum1': 21217, 'DataTypeNum2': -1, 'DataTypeNum3': -1, 'ActionType': 0, 'ActionDataTypeFloat': 1.2}"
86,CardAbilitySettings.json,5,"{'ID': 'hg90s_rodman_duos', 'NameID': 'UI_ABILITY_DUOS', 'IconPath': 'data/cards/frames/textures/ability_icons/ability_01.tga', 'AbilityType': 0, 'DataTypeNum1': 21214, 'DataTypeNum2': -1, 'DataTypeNum3': -1, 'ActionType': 0, 'ActionDataTypeFloat': 1.2}"
86,CardAbilitySettings.json,5,"{'ID': 'hg90s_laimbeer_duos', 'NameID': 'UI_ABILITY_DUOS', 'IconPath': 'data/cards/frames/textures/ability_icons/ability_01.tga', 'AbilityType': 0, 'DataTypeNum1': 21216, 'DataTypeNum2': -1, 'DataTypeNum3': -1, 'ActionType': 0, 'ActionDataTypeFloat': 1.2}"
86,CardAbilitySettings.json,5,"{'ID': 'hg90s_webb_duos', 'NameID': 'UI_ABILITY_DUOS', 'IconPath': 'data/cards/frames/textures/ability_icons/ability_01.tga', 'AbilityType': 0, 'DataTypeNum1': 21228, 'DataTypeNum2': -1, 'DataTypeNum3': -1, 'ActionType': 0, 'ActionDataTypeFloat': 1.2}"
86,CardAbilitySettings.json,5,"{'ID': 'hg90s_wilkins_duos', 'NameID': 'UI_ABILITY_DUOS', 'IconPath': 'data/cards/frames/textures/ability_icons/ability_01.tga', 'AbilityType': 0, 'DataTypeNum1': 21222, 'DataTypeNum2': -1, 'DataTypeNum3': -1, 'ActionType': 0, 'ActionDataTypeFloat': 1.2}"
86,CardAbilitySettings.json,5,"{'ID': 'hg90s_dumars_duos', 'NameID': 'UI_ABILITY_DUOS', 'IconPath': 'data/cards/frames/textures/ability_icons/ability_01.tga', 'AbilityType': 0, 'DataTypeNum1': 21226, 'DataTypeNum2': -1, 'DataTypeNum3': -1, 'ActionType': 0, 'ActionDataTypeFloat': 1.2}"
86,CardAbilitySettings.json,5,"{'ID': 'hg90s_hill_duos', 'NameID': 'UI_ABILITY_DUOS', 'IconPath': 'data/cards/frames/textures/ability_icons/ability_01.tga', 'AbilityType': 0, 'DataTypeNum1': 21224, 'DataTypeNum2': -1, 'DataTypeNum3': -1, 'ActionType': 0, 'ActionDataTypeFloat': 1.2}"
86,CardAbilitySettings.json,5,"{'ID': 'rolemod_themeloyalty_x4', 'NameID': 'UI_ABILITY_THEME_LOYALTY4', 'IconPath': 'data/cards/frames/textures/ability_icons/ability_06.tga', 'AbilityType': 2, 'DataTypeNum1': 4, 'DataTypeNum2': 30, 'DataTypeNum3': -1, 'ActionType': 0, 'ActionDataTypeFloat': 1.25}"
86,CardAbilitySettings.json,5,"{'ID': 'allnba_james_duos', 'NameID': 'UI_ABILITY_DUOS', 'IconPath': 'data/cards/frames/textures/ability_icons/ability_01.tga', 'AbilityType': 0, 'DataTypeNum1': 21471, 'DataTypeNum2': -1, 'DataTypeNum3': -1, 'ActionType': 0, 'ActionDataTypeFloat': 1.2}"
86,CardAbilitySettings.json,5,"{'ID': 'allnba_bryant_duos', 'NameID': 'UI_ABILITY_DUOS', 'IconPath': 'data/cards/frames/textures/ability_icons/ability_01.tga', 'AbilityType': 0, 'DataTypeNum1': 21468, 'DataTypeNum2': -1, 'DataTypeNum3': -1, 'ActionType': 0, 'ActionDataTypeFloat': 1.2}"
86,CardAbilitySettings.json,5,"{'ID': 'allnba_nowitzki_duos', 'NameID': 'UI_ABILITY_DUOS', 'IconPath': 'data/cards/frames/textures/ability_icons/ability_01.tga', 'AbilityType': 0, 'DataTypeNum1': 21475, 'DataTypeNum2': -1, 'DataTypeNum3': -1, 'ActionType': 0, 'ActionDataTypeFloat': 1.2}"
86,CardAbilitySettings.json,5,"{'ID': 'allnba_doncic_duos', 'NameID': 'UI_ABILITY_DUOS', 'IconPath': 'data/cards/frames/textures/ability_icons/ability_01.tga', 'AbilityType': 0, 'DataTypeNum1': 21481, 'DataTypeNum2': -1, 'DataTypeNum3': -1, 'ActionType': 0, 'ActionDataTypeFloat': 1.2}"
86,CardAbilitySettings.json,5,"{'ID': 'allnba_george_duos', 'NameID': 'UI_ABILITY_DUOS', 'IconPath': 'data/cards/frames/textures/ability_icons/ability_01.tga', 'AbilityType': 0, 'DataTypeNum1': 21477, 'DataTypeNum2': -1, 'DataTypeNum3': -1, 'ActionType': 0, 'ActionDataTypeFloat': 1.2}"
86,CardAbilitySettings.json,5,"{'ID': 'allnba_westbrook_duos', 'NameID': 'UI_ABILITY_DUOS', 'IconPath': 'data/cards/frames/textures/ability_icons/ability_01.tga', 'AbilityType': 0, 'DataTypeNum1': 21478, 'DataTypeNum2': -1, 'DataTypeNum3': -1, 'ActionType': 0, 'ActionDataTypeFloat': 1.2}"
86,CardAbilitySettings.json,5,"{'ID': 's5fall_themeloyalty_x2', 'NameID': 'UI_ABILITY_THEME_LOYALTY', 'IconPath': 'data/cards/frames/textures/ability_icons/ability_06.tga', 'AbilityType': 2, 'DataTypeNum1': 2, 'DataTypeNum2': 39, 'DataTypeNum3': -1, 'ActionType': 0, 'ActionDataTypeFloat': 1.15}"
86,CardAbilitySettings.json,5,"{'ID': 'hg00s_themeloyalty_x2', 'NameID': 'UI_ABILITY_THEME_LOYALTY', 'IconPath': 'data/cards/frames/textures/ability_icons/ability_06.tga', 'AbilityType': 2, 'DataTypeNum1': 2, 'DataTypeNum2': 40, 'DataTypeNum3': -1, 'ActionType': 0, 'ActionDataTypeFloat': 1.15}"
86,CardAbilitySettings.json,5,"{'ID': 'rookies2023_themeloyaltyx2', 'NameID': 'UI_ABILITY_THEME_LOYALTY', 'IconPath': 'data/cards/frames/textures/ability_icons/ability_06.tga', 'AbilityType': 2, 'DataTypeNum1': 2, 'DataTypeNum2': 44, 'DataTypeNum3': -1, 'ActionType': 0, 'ActionDataTypeFloat': 1.15}"
86,CardAbilitySettings.json,5,"{'ID': 'rookies2023_ivey_duos', 'NameID': 'UI_ABILITY_DUOS', 'IconPath': 'data/cards/frames/textures/ability_icons/ability_01.tga', 'AbilityType': 0, 'DataTypeNum1': 21669, 'DataTypeNum2': -1, 'DataTypeNum3': -1, 'ActionType': 0, 'ActionDataTypeFloat': 1.2}"
86,CardAbilitySettings.json,5,"{'ID': 'rookies2023_duren_duos', 'NameID': 'UI_ABILITY_DUOS', 'IconPath': 'data/cards/frames/textures/ability_icons/ability_01.tga', 'AbilityType': 0, 'DataTypeNum1': 21672, 'DataTypeNum2': -1, 'DataTypeNum3': -1, 'ActionType': 0, 'ActionDataTypeFloat': 1.2}"
86,CardAbilitySettings.json,5,"{'ID': 'rookies2023_williams_duos', 'NameID': 'UI_ABILITY_DUOS', 'IconPath': 'data/cards/frames/textures/ability_icons/ability_01.tga', 'AbilityType': 0, 'DataTypeNum1': 21678, 'DataTypeNum2': -1, 'DataTypeNum3': -1, 'ActionType': 0, 'ActionDataTypeFloat': 1.2}"
86,CardAbilitySettings.json,5,"{'ID': 'rookies2023_dieng_duos', 'NameID': 'UI_ABILITY_DUOS', 'IconPath': 'data/cards/frames/textures/ability_icons/ability_01.tga', 'AbilityType': 0, 'DataTypeNum1': 21679, 'DataTypeNum2': -1, 'DataTypeNum3': -1, 'ActionType': 0, 'ActionDataTypeFloat': 1.2}"
86,CardAbilitySettings.json,5,"{'ID': 'rookies2023_eason_duos', 'NameID': 'UI_ABILITY_DUOS', 'IconPath': 'data/cards/frames/textures/ability_icons/ability_01.tga', 'AbilityType': 0, 'DataTypeNum1': 21683, 'DataTypeNum2': -1, 'DataTypeNum3': -1, 'ActionType': 0, 'ActionDataTypeFloat': 1.2}"
86,CardAbilitySettings.json,5,"{'ID': 'rookies2023_washington_duos', 'NameID': 'UI_ABILITY_DUOS', 'IconPath': 'data/cards/frames/textures/ability_icons/ability_01.tga', 'AbilityType': 0, 'DataTypeNum1': 21682, 'DataTypeNum2': -1, 'DataTypeNum3': -1, 'ActionType': 0, 'ActionDataTypeFloat': 1.2}"
86,CardAbilitySettings.json,5,"{'ID': 'trashtalk_rodman_duos', 'NameID': 'UI_ABILITY_DUOS', 'IconPath': 'data/cards/frames/textures/ability_icons/ability_01.tga', 'AbilityType': 0, 'DataTypeNum1': 21729, 'DataTypeNum2': -1, 'DataTypeNum3': -1, 'ActionType': 0, 'ActionDataTypeFloat': 1.2}"
86,CardAbilitySettings.json,5,"{'ID': 'trashtalk_martin_duos', 'NameID': 'UI_ABILITY_DUOS', 'IconPath': 'data/cards/frames/textures/ability_icons/ability_01.tga', 'AbilityType': 0, 'DataTypeNum1': 21732, 'DataTypeNum2': -1, 'DataTypeNum3': -1, 'ActionType': 0, 'ActionDataTypeFloat': 1.2}"
86,CardAbilitySettings.json,5,"{'ID': 'trashtalk_jordan_duos', 'NameID': 'UI_ABILITY_DUOS', 'IconPath': 'data/cards/frames/textures/ability_icons/ability_01.tga', 'AbilityType': 0, 'DataTypeNum1': 21727, 'DataTypeNum2': -1, 'DataTypeNum3': -1, 'ActionType': 0, 'ActionDataTypeFloat': 1.2}"
86,CardAbilitySettings.json,5,"{'ID': 'trashtalk_durant_duos', 'NameID': 'UI_ABILITY_DUOS', 'IconPath': 'data/cards/frames/textures/ability_icons/ability_01.tga', 'AbilityType': 0, 'DataTypeNum1': 21728, 'DataTypeNum2': -1, 'DataTypeNum3': -1, 'ActionType': 0, 'ActionDataTypeFloat': 1.2}"
86,CardAbilitySettings.json,5,"{'ID': 'trashtalk_butler_duos', 'NameID': 'UI_ABILITY_DUOS', 'IconPath': 'data/cards/frames/textures/ability_icons/ability_01.tga', 'AbilityType': 0, 'DataTypeNum1': 21736, 'DataTypeNum2': -1, 'DataTypeNum3': -1, 'ActionType': 0, 'ActionDataTypeFloat': 1.2}"
86,CardAbilitySettings.json,5,"{'ID': 'trashtalk_payton_duos', 'NameID': 'UI_ABILITY_DUOS', 'IconPath': 'data/cards/frames/textures/ability_icons/ability_01.tga', 'AbilityType': 0, 'DataTypeNum1': 21734, 'DataTypeNum2': -1, 'DataTypeNum3': -1, 'ActionType': 0, 'ActionDataTypeFloat': 1.2}"
86,CardAbilitySettings.json,5,"{'ID': 's5winter_theme_loyaltyx2', 'NameID': 'UI_ABILITY_THEME_LOYALTY', 'IconPath': 'data/cards/frames/textures/ability_icons/ability_06.tga', 'AbilityType': 2, 'DataTypeNum1': 2, 'DataTypeNum2': 45, 'DataTypeNum3': -1, 'ActionType': 0, 'ActionDataTypeFloat': 1.15}"
86,CardAbilitySettings.json,5,"{'ID': 'rimrock_barry_duos', 'NameID': 'UI_ABILITY_DUOS', 'IconPath': 'data/cards/frames/textures/ability_icons/ability_01.tga', 'AbilityType': 0, 'DataTypeNum1': 21603, 'DataTypeNum2': -1, 'DataTypeNum3': -1, 'ActionType': 0, 'ActionDataTypeFloat': 1.2}"
86,CardAbilitySettings.json,5,"{'ID': 'rimrock_griffin_duos', 'NameID': 'UI_ABILITY_DUOS', 'IconPath': 'data/cards/frames/textures/ability_icons/ability_01.tga', 'AbilityType': 0, 'DataTypeNum1': 21806, 'DataTypeNum2': -1, 'DataTypeNum3': -1, 'ActionType': 0, 'ActionDataTypeFloat': 1.2}"
86,CardAbilitySettings.json,5,"{'ID': 'rimrock_drexler_duos', 'NameID': 'UI_ABILITY_DUOS', 'IconPath': 'data/cards/frames/textures/ability_icons/ability_01.tga', 'AbilityType': 0, 'DataTypeNum1': 21809, 'DataTypeNum2': -1, 'DataTypeNum3': -1, 'ActionType': 0, 'ActionDataTypeFloat': 1.2}"
86,CardAbilitySettings.json,5,"{'ID': 'rimrock_simons_duos', 'NameID': 'UI_ABILITY_DUOS', 'IconPath': 'data/cards/frames/textures/ability_icons/ability_01.tga', 'AbilityType': 0, 'DataTypeNum1': 21811, 'DataTypeNum2': -1, 'DataTypeNum3': -1, 'ActionType': 0, 'ActionDataTypeFloat': 1.2}"
86,CardAbilitySettings.json,5,"{'ID': 'yotr_theme_loyalty_major', 'NameID': 'UI_ABILITY_THEME_LOYALTY3', 'IconPath': 'data/cards/frames/textures/ability_icons/ability_06.tga', 'AbilityType': 2, 'DataTypeNum1': 3, 'DataTypeNum2': 49, 'DataTypeNum3': -1, 'ActionType': 0, 'ActionDataTypeFloat': 1.2}"
86,CardAbilitySettings.json,5,"{'ID': 's5rain_porterjr_duos', 'NameID': 'UI_ABILITY_DUOS', 'IconPath': 'data/cards/frames/textures/ability_icons/ability_01.tga', 'AbilityType': 0, 'DataTypeNum1': 21923, 'DataTypeNum2': -1, 'DataTypeNum3': -1, 'ActionType': 0, 'ActionDataTypeFloat': 1.2}"
86,CardAbilitySettings.json,5,"{'ID': 's5rain_billups_duos', 'NameID': 'UI_ABILITY_DUOS', 'IconPath': 'data/cards/frames/textures/ability_icons/ability_01.tga', 'AbilityType': 0, 'DataTypeNum1': 21919, 'DataTypeNum2': -1, 'DataTypeNum3': -1, 'ActionType': 0, 'ActionDataTypeFloat': 1.2}"
86,CardAbilitySettings.json,5,"{'ID': 'netcut_themeloyalty_x3', 'NameID': 'UI_ABILITY_THEME_LOYALTY3', 'IconPath': 'data/cards/frames/textures/ability_icons/ability_06.tga', 'AbilityType': 2, 'DataTypeNum1': 3, 'DataTypeNum2': 54, 'DataTypeNum3': -1, 'ActionType': 0, 'ActionDataTypeFloat': 1.2}"
86,CardAbilitySettings.json,5,"{'ID': 'spring_themeloyalty_x3', 'NameID': 'UI_ABILITY_THEME_LOYALTY3', 'IconPath': 'data/cards/frames/textures/ability_icons/ability_06.tga', 'AbilityType': 2, 'DataTypeNum1': 3, 'DataTypeNum2': 57, 'DataTypeNum3': -1, 'ActionType': 0, 'ActionDataTypeFloat': 1.2}"
86,CardAbilitySettings.json,5,"{'ID': 'td_themeloyalty_x3', 'NameID': 'UI_ABILITY_THEME_LOYALTY3', 'IconPath': 'data/cards/frames/textures/ability_icons/ability_06.tga', 'AbilityType': 2, 'DataTypeNum1': 3, 'DataTypeNum2': 60, 'DataTypeNum3': -1, 'ActionType': 0, 'ActionDataTypeFloat': 1.2}"
86,CardAbilitySettings.json,5,"{'ID': 'intimid_themeloyalty_x3', 'NameID': 'UI_ABILITY_THEME_LOYALTY3', 'IconPath': 'data/cards/frames/textures/ability_icons/ability_06.tga', 'AbilityType': 2, 'DataTypeNum1': 3, 'DataTypeNum2': 56, 'DataTypeNum3': -1, 'ActionType': 0, 'ActionDataTypeFloat': 1.2}"
86,CardAbilitySettings.json,5,"{'ID': 'duos_davis_duos', 'NameID': 'UI_ABILITY_DUOS', 'IconPath': 'data/cards/frames/textures/ability_icons/ability_01.tga', 'AbilityType': 0, 'DataTypeNum1': 22525, 'DataTypeNum2': -1, 'DataTypeNum3': -1, 'ActionType': 0, 'ActionDataTypeFloat': 1.2}"
86,CardAbilitySettings.json,5,"{'ID': 'duos_shaq_duos', 'NameID': 'UI_ABILITY_DUOS', 'IconPath': 'data/cards/frames/textures/ability_icons/ability_01.tga', 'AbilityType': 0, 'DataTypeNum1': 22520, 'DataTypeNum2': -1, 'DataTypeNum3': -1, 'ActionType': 0, 'ActionDataTypeFloat': 1.2}"
86,CardAbilitySettings.json,5,"{'ID': 'duos_bryant_duos', 'NameID': 'UI_ABILITY_DUOS', 'IconPath': 'data/cards/frames/textures/ability_icons/ability_01.tga', 'AbilityType': 0, 'DataTypeNum1': 22521, 'DataTypeNum2': -1, 'DataTypeNum3': -1, 'ActionType': 0, 'ActionDataTypeFloat': 1.2}"
86,CardAbilitySettings.json,5,"{'ID': 'duos_jordan_duos', 'NameID': 'UI_ABILITY_DUOS', 'IconPath': 'data/cards/frames/textures/ability_icons/ability_01.tga', 'AbilityType': 0, 'DataTypeNum1': 22532, 'DataTypeNum2': -1, 'DataTypeNum3': -1, 'ActionType': 0, 'ActionDataTypeFloat': 1.2}"
86,CardAbilitySettings.json,5,"{'ID': 'duos_booker_duos', 'NameID': 'UI_ABILITY_DUOS', 'IconPath': 'data/cards/frames/textures/ability_icons/ability_01.tga', 'AbilityType': 0, 'DataTypeNum1': 22526, 'DataTypeNum2': -1, 'DataTypeNum3': -1, 'ActionType': 0, 'ActionDataTypeFloat': 1.2}"
86,CardAbilitySettings.json,5,"{'ID': 'duos_brown_duos', 'NameID': 'UI_ABILITY_DUOS', 'IconPath': 'data/cards/frames/textures/ability_icons/ability_01.tga', 'AbilityType': 0, 'DataTypeNum1': 22539, 'DataTypeNum2': -1, 'DataTypeNum3': -1, 'ActionType': 0, 'ActionDataTypeFloat': 1.2}"
86,CardAbilitySettings.json,5,"{'ID': 'duos_james_duos', 'NameID': 'UI_ABILITY_DUOS', 'IconPath': 'data/cards/frames/textures/ability_icons/ability_01.tga', 'AbilityType': 0, 'DataTypeNum1': 22524, 'DataTypeNum2': -1, 'DataTypeNum3': -1, 'ActionType': 0, 'ActionDataTypeFloat': 1.2}"
86,CardAbilitySettings.json,5,"{'ID': 'duos_pippen_duos', 'NameID': 'UI_ABILITY_DUOS', 'IconPath': 'data/cards/frames/textures/ability_icons/ability_01.tga', 'AbilityType': 0, 'DataTypeNum1': 22533, 'DataTypeNum2': -1, 'DataTypeNum3': -1, 'ActionType': 0, 'ActionDataTypeFloat': 1.2}"
86,CardAbilitySettings.json,5,"{'ID': 'duos_malone_duos', 'NameID': 'UI_ABILITY_DUOS', 'IconPath': 'data/cards/frames/textures/ability_icons/ability_01.tga', 'AbilityType': 0, 'DataTypeNum1': 22517, 'DataTypeNum2': -1, 'DataTypeNum3': -1, 'ActionType': 0, 'ActionDataTypeFloat': 1.2}"
86,CardAbilitySettings.json,5,"{'ID': 'duos_durant_duos', 'NameID': 'UI_ABILITY_DUOS', 'IconPath': 'data/cards/frames/textures/ability_icons/ability_01.tga', 'AbilityType': 0, 'DataTypeNum1': 22527, 'DataTypeNum2': -1, 'DataTypeNum3': -1, 'ActionType': 0, 'ActionDataTypeFloat': 1.2}"
86,CardAbilitySettings.json,5,"{'ID': 'duos_jokic_duos', 'NameID': 'UI_ABILITY_DUOS', 'IconPath': 'data/cards/frames/textures/ability_icons/ability_01.tga', 'AbilityType': 0, 'DataTypeNum1': 22528, 'DataTypeNum2': -1, 'DataTypeNum3': -1, 'ActionType': 0, 'ActionDataTypeFloat': 1.2}"
86,CardAbilitySettings.json,5,"{'ID': 'duos_stockton_duos', 'NameID': 'UI_ABILITY_DUOS', 'IconPath': 'data/cards/frames/textures/ability_icons/ability_01.tga', 'AbilityType': 0, 'DataTypeNum1': 22516, 'DataTypeNum2': -1, 'DataTypeNum3': -1, 'ActionType': 0, 'ActionDataTypeFloat': 1.2}"
86,CardAbilitySettings.json,5,"{'ID': 'duos_tatum_duos', 'NameID': 'UI_ABILITY_DUOS', 'IconPath': 'data/cards/frames/textures/ability_icons/ability_01.tga', 'AbilityType': 0, 'DataTypeNum1': 22538, 'DataTypeNum2': -1, 'DataTypeNum3': -1, 'ActionType': 0, 'ActionDataTypeFloat': 1.2}"
86,CardAbilitySettings.json,5,"{'ID': 'duos_murray_duos', 'NameID': 'UI_ABILITY_DUOS', 'IconPath': 'data/cards/frames/textures/ability_icons/ability_01.tga', 'AbilityType': 0, 'DataTypeNum1': 22529, 'DataTypeNum2': -1, 'DataTypeNum3': -1, 'ActionType': 0, 'ActionDataTypeFloat': 1.2}"
86,CardAbilitySettings.json,5,"{'ID': 'duos_ming_duos', 'NameID': 'UI_ABILITY_DUOS', 'IconPath': 'data/cards/frames/textures/ability_icons/ability_01.tga', 'AbilityType': 0, 'DataTypeNum1': 22519, 'DataTypeNum2': -1, 'DataTypeNum3': -1, 'ActionType': 0, 'ActionDataTypeFloat': 1.2}"
86,CardAbilitySettings.json,5,"{'ID': 'duos_randle_duos', 'NameID': 'UI_ABILITY_DUOS', 'IconPath': 'data/cards/frames/textures/ability_icons/ability_01.tga', 'AbilityType': 0, 'DataTypeNum1': 22531, 'DataTypeNum2': -1, 'DataTypeNum3': -1, 'ActionType': 0, 'ActionDataTypeFloat': 1.2}"
86,CardAbilitySettings.json,5,"{'ID': 'duos_drexler_duos', 'NameID': 'UI_ABILITY_DUOS', 'IconPath': 'data/cards/frames/textures/ability_icons/ability_01.tga', 'AbilityType': 0, 'DataTypeNum1': 22523, 'DataTypeNum2': -1, 'DataTypeNum3': -1, 'ActionType': 0, 'ActionDataTypeFloat': 1.2}"
86,CardAbilitySettings.json,5,"{'ID': 'duos_olajuwon_duos', 'NameID': 'UI_ABILITY_DUOS', 'IconPath': 'data/cards/frames/textures/ability_icons/ability_01.tga', 'AbilityType': 0, 'DataTypeNum1': 22522, 'DataTypeNum2': -1, 'DataTypeNum3': -1, 'ActionType': 0, 'ActionDataTypeFloat': 1.2}"
86,CardAbilitySettings.json,5,"{'ID': 'duos_brunson_duos', 'NameID': 'UI_ABILITY_DUOS', 'IconPath': 'data/cards/frames/textures/ability_icons/ability_01.tga', 'AbilityType': 0, 'DataTypeNum1': 22530, 'DataTypeNum2': -1, 'DataTypeNum3': -1, 'ActionType': 0, 'ActionDataTypeFloat': 1.2}"
86,CardAbilitySettings.json,5,"{'ID': 'duos_mitchell_duos', 'NameID': 'UI_ABILITY_DUOS', 'IconPath': 'data/cards/frames/textures/ability_icons/ability_01.tga', 'AbilityType': 0, 'DataTypeNum1': 22536, 'DataTypeNum2': -1, 'DataTypeNum3': -1, 'ActionType': 0, 'ActionDataTypeFloat': 1.2}"
86,CardAbilitySettings.json,5,"{'ID': 'duos_mcgrady_duos', 'NameID': 'UI_ABILITY_DUOS', 'IconPath': 'data/cards/frames/textures/ability_icons/ability_01.tga', 'AbilityType': 0, 'DataTypeNum1': 22518, 'DataTypeNum2': -1, 'DataTypeNum3': -1, 'ActionType': 0, 'ActionDataTypeFloat': 1.2}"
86,CardAbilitySettings.json,5,"{'ID': 'duos_fox_duos', 'NameID': 'UI_ABILITY_DUOS', 'IconPath': 'data/cards/frames/textures/ability_icons/ability_01.tga', 'AbilityType': 0, 'DataTypeNum1': 22535, 'DataTypeNum2': -1, 'DataTypeNum3': -1, 'ActionType': 0, 'ActionDataTypeFloat': 1.2}"
86,CardAbilitySettings.json,5,"{'ID': 'duos_garland_duos', 'NameID': 'UI_ABILITY_DUOS', 'IconPath': 'data/cards/frames/textures/ability_icons/ability_01.tga', 'AbilityType': 0, 'DataTypeNum1': 22537, 'DataTypeNum2': -1, 'DataTypeNum3': -1, 'ActionType': 0, 'ActionDataTypeFloat': 1.2}"
86,CardAbilitySettings.json,5,"{'ID': 'duos_sabonis_duos', 'NameID': 'UI_ABILITY_DUOS', 'IconPath': 'data/cards/frames/textures/ability_icons/ability_01.tga', 'AbilityType': 0, 'DataTypeNum1': 22534, 'DataTypeNum2': -1, 'DataTypeNum3': -1, 'ActionType': 0, 'ActionDataTypeFloat': 1.2}"
86,CardAbilitySettings.json,5,"{'ID': 'players_themeloyalty_x3', 'NameID': 'UI_ABILITY_THEME_LOYALTY3', 'IconPath': 'data/cards/frames/textures/ability_icons/ability_06.tga', 'AbilityType': 2, 'DataTypeNum1': 3, 'DataTypeNum2': 61, 'DataTypeNum3': -1, 'ActionType': 0, 'ActionDataTypeFloat': 1.2}"
86,CardAbilitySettings.json,5,"{'ID': 'rb_russell_duos', 'NameID': 'UI_ABILITY_DUOS', 'IconPath': 'data/cards/frames/textures/ability_icons/ability_01.tga', 'AbilityType': 0, 'DataTypeNum1': 22719, 'DataTypeNum2': -1, 'DataTypeNum3': -1, 'ActionType': 0, 'ActionDataTypeFloat': 1.2}"
86,CardAbilitySettings.json,5,"{'ID': 'rb_bryant_duos', 'NameID': 'UI_ABILITY_DUOS', 'IconPath': 'data/cards/frames/textures/ability_icons/ability_01.tga', 'AbilityType': 0, 'DataTypeNum1': 22720, 'DataTypeNum2': -1, 'DataTypeNum3': -1, 'ActionType': 0, 'ActionDataTypeFloat': 1.2}"
86,CardAbilitySettings.json,5,"{'ID': 'rb_cowens_duos', 'NameID': 'UI_ABILITY_DUOS', 'IconPath': 'data/cards/frames/textures/ability_icons/ability_01.tga', 'AbilityType': 0, 'DataTypeNum1': 22724, 'DataTypeNum2': -1, 'DataTypeNum3': -1, 'ActionType': 0, 'ActionDataTypeFloat': 1.2}"
86,CardAbilitySettings.json,5,"{'ID': 'rb_fisher_duos', 'NameID': 'UI_ABILITY_DUOS', 'IconPath': 'data/cards/frames/textures/ability_icons/ability_01.tga', 'AbilityType': 0, 'DataTypeNum1': 22726, 'DataTypeNum2': -1, 'DataTypeNum3': -1, 'ActionType': 0, 'ActionDataTypeFloat': 1.2}"
86,CardAbilitySettings.json,5,"{'ID': 's6halloween_themeloyalty_x2', 'NameID': 'UI_ABILITY_THEME_LOYALTY', 'IconPath': 'data/cards/frames/textures/ability_icons/ability_06.tga', 'AbilityType': 2, 'DataTypeNum1': 2, 'DataTypeNum2': 73, 'DataTypeNum3': -1, 'ActionType': 0, 'ActionDataTypeFloat': 1.2}"
86,CardAbilitySettings.json,5,"{'ID': 's6halloween_smithjr_duos', 'NameID': 'UI_ABILITY_DUOS', 'IconPath': 'data/cards/frames/textures/ability_icons/ability_01.tga', 'AbilityType': 0, 'DataTypeNum1': 22763, 'DataTypeNum2': -1, 'DataTypeNum3': -1, 'ActionType': 0, 'ActionDataTypeFloat': 1.2}"
86,CardAbilitySettings.json,5,"{'ID': 's6halloween_francis_duos', 'NameID': 'UI_ABILITY_DUOS', 'IconPath': 'data/cards/frames/textures/ability_icons/ability_01.tga', 'AbilityType': 0, 'DataTypeNum1': 22752, 'DataTypeNum2': -1, 'DataTypeNum3': -1, 'ActionType': 0, 'ActionDataTypeFloat': 1.2}"
86,CardAbilitySettings.json,5,"{'ID': 's6halloween_siakam_duos', 'NameID': 'UI_ABILITY_DUOS', 'IconPath': 'data/cards/frames/textures/ability_icons/ability_01.tga', 'AbilityType': 0, 'DataTypeNum1': 22762, 'DataTypeNum2': -1, 'DataTypeNum3': -1, 'ActionType': 0, 'ActionDataTypeFloat': 1.2}"
86,CardAbilitySettings.json,5,"{'ID': 's6halloween_barnes_duos', 'NameID': 'UI_ABILITY_DUOS', 'IconPath': 'data/cards/frames/textures/ability_icons/ability_01.tga', 'AbilityType': 0, 'DataTypeNum1': 22757, 'DataTypeNum2': -1, 'DataTypeNum3': -1, 'ActionType': 0, 'ActionDataTypeFloat': 1.2}"
86,CardAbilitySettings.json,5,"{'ID': 'dotd_porterjr_duos', 'NameID': 'UI_ABILITY_DUOS', 'IconPath': 'data/cards/frames/textures/ability_icons/ability_01.tga', 'AbilityType': 0, 'DataTypeNum1': 22805, 'DataTypeNum2': -1, 'DataTypeNum3': -1, 'ActionType': 0, 'ActionDataTypeFloat': 1.2}"
86,CardAbilitySettings.json,5,"{'ID': 'dotd_iverson_duos', 'NameID': 'UI_ABILITY_DUOS', 'IconPath': 'data/cards/frames/textures/ability_icons/ability_01.tga', 'AbilityType': 0, 'DataTypeNum1': 22809, 'DataTypeNum2': -1, 'DataTypeNum3': -1, 'ActionType': 0, 'ActionDataTypeFloat': 1.2}"
86,CardAbilitySettings.json,5,"{'ID': 'dotd_barbosa_duos', 'NameID': 'UI_ABILITY_DUOS', 'IconPath': 'data/cards/frames/textures/ability_icons/ability_01.tga', 'AbilityType': 0, 'DataTypeNum1': 22803, 'DataTypeNum2': -1, 'DataTypeNum3': -1, 'ActionType': 0, 'ActionDataTypeFloat': 1.2}"
86,CardAbilitySettings.json,5,"{'ID': 'dotd_wiggins_duos', 'NameID': 'UI_ABILITY_DUOS', 'IconPath': 'data/cards/frames/textures/ability_icons/ability_01.tga', 'AbilityType': 0, 'DataTypeNum1': 22811, 'DataTypeNum2': -1, 'DataTypeNum3': -1, 'ActionType': 0, 'ActionDataTypeFloat': 1.2}"
86,CardAbilitySettings.json,5,"{'ID': 's6fall_kuzma_duos', 'NameID': 'UI_ABILITY_DUOS', 'IconPath': 'data/cards/frames/textures/ability_icons/ability_01.tga', 'AbilityType': 0, 'DataTypeNum1': 22907, 'DataTypeNum2': -1, 'DataTypeNum3': -1, 'ActionType': 0, 'ActionDataTypeFloat': 1.2}"
86,CardAbilitySettings.json,5,"{'ID': 's6fall_ingram_duos', 'NameID': 'UI_ABILITY_DUOS', 'IconPath': 'data/cards/frames/textures/ability_icons/ability_01.tga', 'AbilityType': 0, 'DataTypeNum1': 22910, 'DataTypeNum2': -1, 'DataTypeNum3': -1, 'ActionType': 0, 'ActionDataTypeFloat': 1.2}"
86,CardAbilitySettings.json,5,"{'ID': 's6fall_russell_duos', 'NameID': 'UI_ABILITY_DUOS', 'IconPath': 'data/cards/frames/textures/ability_icons/ability_01.tga', 'AbilityType': 0, 'DataTypeNum1': 22908, 'DataTypeNum2': -1, 'DataTypeNum3': -1, 'ActionType': 0, 'ActionDataTypeFloat': 1.2}"
86,CardAbilitySettings.json,5,"{'ID': 's6fall_chamberlain_duos', 'NameID': 'UI_ABILITY_DUOS', 'IconPath': 'data/cards/frames/textures/ability_icons/ability_01.tga', 'AbilityType': 0, 'DataTypeNum1': 22920, 'DataTypeNum2': -1, 'DataTypeNum3': -1, 'ActionType': 0, 'ActionDataTypeFloat': 1.2}"
86,CardAbilitySettings.json,5,"{'ID': 's6fall_poole_duos', 'NameID': 'UI_ABILITY_DUOS', 'IconPath': 'data/cards/frames/textures/ability_icons/ability_01.tga', 'AbilityType': 0, 'DataTypeNum1': 22917, 'DataTypeNum2': -1, 'DataTypeNum3': -1, 'ActionType': 0, 'ActionDataTypeFloat': 1.2}"
86,CardAbilitySettings.json,5,"{'ID': 's6fall_mccollum_duos', 'NameID': 'UI_ABILITY_DUOS', 'IconPath': 'data/cards/frames/textures/ability_icons/ability_01.tga', 'AbilityType': 0, 'DataTypeNum1': 22913, 'DataTypeNum2': -1, 'DataTypeNum3': -1, 'ActionType': 0, 'ActionDataTypeFloat': 1.2}"
86,CardAbilitySettings.json,5,"{'ID': 's6fall_themeloyalty_x2', 'NameID': 'UI_ABILITY_THEME_LOYALTY', 'IconPath': 'data/cards/frames/textures/ability_icons/ability_06.tga', 'AbilityType': 2, 'DataTypeNum1': 2, 'DataTypeNum2': 78, 'DataTypeNum3': -1, 'ActionType': 0, 'ActionDataTypeFloat': 1.2}"
86,CardAbilitySettings.json,5,"{'ID': 'adteam_rondo_duos', 'NameID': 'UI_ABILITY_DUOS', 'IconPath': 'data/cards/frames/textures/ability_icons/ability_01.tga', 'AbilityType': 0, 'DataTypeNum1': 22866, 'DataTypeNum2': -1, 'DataTypeNum3': -1, 'ActionType': 0, 'ActionDataTypeFloat': 1.2}"
86,CardAbilitySettings.json,5,"{'ID': 'adteam_garnett_duos', 'NameID': 'UI_ABILITY_DUOS', 'IconPath': 'data/cards/frames/textures/ability_icons/ability_01.tga', 'AbilityType': 0, 'DataTypeNum1': 22863, 'DataTypeNum2': -1, 'DataTypeNum3': -1, 'ActionType': 0, 'ActionDataTypeFloat': 1.2}"
86,CardAbilitySettings.json,5,"{'ID': 'adteam_robinson_duos', 'NameID': 'UI_ABILITY_DUOS', 'IconPath': 'data/cards/frames/textures/ability_icons/ability_01.tga', 'AbilityType': 0, 'DataTypeNum1': 22852, 'DataTypeNum2': -1, 'DataTypeNum3': -1, 'ActionType': 0, 'ActionDataTypeFloat': 1.2}"
86,CardAbilitySettings.json,5,"{'ID': 'adteam_duncan_duos', 'NameID': 'UI_ABILITY_DUOS', 'IconPath': 'data/cards/frames/textures/ability_icons/ability_01.tga', 'AbilityType': 0, 'DataTypeNum1': 22871, 'DataTypeNum2': -1, 'DataTypeNum3': -1, 'ActionType': 0, 'ActionDataTypeFloat': 1.2}"
86,CardAbilitySettings.json,5,"{'ID': 'adteam_holiday_duos', 'NameID': 'UI_ABILITY_DUOS', 'IconPath': 'data/cards/frames/textures/ability_icons/ability_01.tga', 'AbilityType': 0, 'DataTypeNum1': 22860, 'DataTypeNum2': -1, 'DataTypeNum3': -1, 'ActionType': 0, 'ActionDataTypeFloat': 1.2}"
86,CardAbilitySettings.json,5,"{'ID': 'adteam_moncrief_duos', 'NameID': 'UI_ABILITY_DUOS', 'IconPath': 'data/cards/frames/textures/ability_icons/ability_01.tga', 'AbilityType': 0, 'DataTypeNum1': 22870, 'DataTypeNum2': -1, 'DataTypeNum3': -1, 'ActionType': 0, 'ActionDataTypeFloat': 1.2}"
86,CardAbilitySettings.json,5,"{'ID': 'money_shaq_duos', 'NameID': 'UI_ABILITY_DUOS', 'IconPath': 'data/cards/frames/textures/ability_icons/ability_01.tga', 'AbilityType': 0, 'DataTypeNum1': 22893, 'DataTypeNum2': -1, 'DataTypeNum3': -1, 'ActionType': 0, 'ActionDataTypeFloat': 1.2}"
86,CardAbilitySettings.json,5,"{'ID': 'money_james_duos', 'NameID': 'UI_ABILITY_DUOS', 'IconPath': 'data/cards/frames/textures/ability_icons/ability_01.tga', 'AbilityType': 0, 'DataTypeNum1': 22889, 'DataTypeNum2': -1, 'DataTypeNum3': -1, 'ActionType': 0, 'ActionDataTypeFloat': 1.2}"
86,CardAbilitySettings.json,5,"{'ID': 'money_bane_duos', 'NameID': 'UI_ABILITY_DUOS', 'IconPath': 'data/cards/frames/textures/ability_icons/ability_01.tga', 'AbilityType': 0, 'DataTypeNum1': 22880, 'DataTypeNum2': -1, 'DataTypeNum3': -1, 'ActionType': 0, 'ActionDataTypeFloat': 1.2}"
86,CardAbilitySettings.json,5,"{'ID': 'money_adams_duos', 'NameID': 'UI_ABILITY_DUOS', 'IconPath': 'data/cards/frames/textures/ability_icons/ability_01.tga', 'AbilityType': 0, 'DataTypeNum1': 22894, 'DataTypeNum2': -1, 'DataTypeNum3': -1, 'ActionType': 0, 'ActionDataTypeFloat': 1.2}"
86,CardAbilitySettings.json,5,"{'ID': 'comm_davis_duos', 'NameID': 'UI_ABILITY_DUOS', 'IconPath': 'data/cards/frames/textures/ability_icons/ability_01.tga', 'AbilityType': 0, 'DataTypeNum1': 23018, 'DataTypeNum2': -1, 'DataTypeNum3': -1, 'ActionType': 0, 'ActionDataTypeFloat': 1.2}"
86,CardAbilitySettings.json,5,"{'ID': 'comm_cousins_duos', 'NameID': 'UI_ABILITY_DUOS', 'IconPath': 'data/cards/frames/textures/ability_icons/ability_01.tga', 'AbilityType': 0, 'DataTypeNum1': 23004, 'DataTypeNum2': -1, 'DataTypeNum3': -1, 'ActionType': 0, 'ActionDataTypeFloat': 1.2}"
86,CardAbilitySettings.json,5,"{'ID': 'comm_walker_duos', 'NameID': 'UI_ABILITY_DUOS', 'IconPath': 'data/cards/frames/textures/ability_icons/ability_01.tga', 'AbilityType': 0, 'DataTypeNum1': 23008, 'DataTypeNum2': -1, 'DataTypeNum3': -1, 'ActionType': 0, 'ActionDataTypeFloat': 1.2}"
86,CardAbilitySettings.json,5,"{'ID': 'comm_thomas_duos', 'NameID': 'UI_ABILITY_DUOS', 'IconPath': 'data/cards/frames/textures/ability_icons/ability_01.tga', 'AbilityType': 0, 'DataTypeNum1': 23011, 'DataTypeNum2': -1, 'DataTypeNum3': -1, 'ActionType': 0, 'ActionDataTypeFloat': 1.2}"
86,CardAbilitySettings.json,5,"{'ID': 'comm_payton_duos', 'NameID': 'UI_ABILITY_DUOS', 'IconPath': 'data/cards/frames/textures/ability_icons/ability_01.tga', 'AbilityType': 0, 'DataTypeNum1': 23012, 'DataTypeNum2': -1, 'DataTypeNum3': -1, 'ActionType': 0, 'ActionDataTypeFloat': 1.2}"
86,CardAbilitySettings.json,5,"{'ID': 'comm_jamison_duos', 'NameID': 'UI_ABILITY_DUOS', 'IconPath': 'data/cards/frames/textures/ability_icons/ability_01.tga', 'AbilityType': 0, 'DataTypeNum1': 23019, 'DataTypeNum2': -1, 'DataTypeNum3': -1, 'ActionType': 0, 'ActionDataTypeFloat': 1.2}"
86,CardAbilitySettings.json,5,"{'ID': 'alt_kareem_duos', 'NameID': 'UI_ABILITY_DUOS', 'IconPath': 'data/cards/frames/textures/ability_icons/ability_01.tga', 'AbilityType': 0, 'DataTypeNum1': 23028, 'DataTypeNum2': -1, 'DataTypeNum3': -1, 'ActionType': 0, 'ActionDataTypeFloat': 1.2}"
86,CardAbilitySettings.json,5,"{'ID': 'alt_bryant_duos', 'NameID': 'UI_ABILITY_DUOS', 'IconPath': 'data/cards/frames/textures/ability_icons/ability_01.tga', 'AbilityType': 0, 'DataTypeNum1': 23038, 'DataTypeNum2': -1, 'DataTypeNum3': -1, 'ActionType': 0, 'ActionDataTypeFloat': 1.2}"
86,CardAbilitySettings.json,5,"{'ID': 'alt_thompson_duos', 'NameID': 'UI_ABILITY_DUOS', 'IconPath': 'data/cards/frames/textures/ability_icons/ability_01.tga', 'AbilityType': 0, 'DataTypeNum1': 23040, 'DataTypeNum2': -1, 'DataTypeNum3': -1, 'ActionType': 0, 'ActionDataTypeFloat': 1.2}"
86,CardAbilitySettings.json,5,"{'ID': 'alt_curry_duos', 'NameID': 'UI_ABILITY_DUOS', 'IconPath': 'data/cards/frames/textures/ability_icons/ability_01.tga', 'AbilityType': 0, 'DataTypeNum1': 23044, 'DataTypeNum2': -1, 'DataTypeNum3': -1, 'ActionType': 0, 'ActionDataTypeFloat': 1.2}"
86,CardAbilitySettings.json,5,"{'ID': 'alt_kemp_duos', 'NameID': 'UI_ABILITY_DUOS', 'IconPath': 'data/cards/frames/textures/ability_icons/ability_01.tga', 'AbilityType': 0, 'DataTypeNum1': 23023, 'DataTypeNum2': -1, 'DataTypeNum3': -1, 'ActionType': 0, 'ActionDataTypeFloat': 1.2}"
86,CardAbilitySettings.json,5,"{'ID': 'alt_mobley_duos', 'NameID': 'UI_ABILITY_DUOS', 'IconPath': 'data/cards/frames/textures/ability_icons/ability_01.tga', 'AbilityType': 0, 'DataTypeNum1': 23027, 'DataTypeNum2': -1, 'DataTypeNum3': -1, 'ActionType': 0, 'ActionDataTypeFloat': 1.2}"
86,CardAbilitySettings.json,5,"{'ID': 'ny24_stojakovic_duos', 'NameID': 'UI_ABILITY_DUOS', 'IconPath': 'data/cards/frames/textures/ability_icons/ability_01.tga', 'AbilityType': 0, 'DataTypeNum1': 23076, 'DataTypeNum2': -1, 'DataTypeNum3': -1, 'ActionType': 0, 'ActionDataTypeFloat': 1.2}"
86,CardAbilitySettings.json,5,"{'ID': 'ny24_martin_duos', 'NameID': 'UI_ABILITY_DUOS', 'IconPath': 'data/cards/frames/textures/ability_icons/ability_01.tga', 'AbilityType': 0, 'DataTypeNum1': 23080, 'DataTypeNum2': -1, 'DataTypeNum3': -1, 'ActionType': 0, 'ActionDataTypeFloat': 1.2}"
86,CardAbilitySettings.json,5,"{'ID': 'ankle2_bird_duos', 'NameID': 'UI_ABILITY_DUOS', 'IconPath': 'data/cards/frames/textures/ability_icons/ability_01.tga', 'AbilityType': 0, 'DataTypeNum1': 23106, 'DataTypeNum2': -1, 'DataTypeNum3': -1, 'ActionType': 0, 'ActionDataTypeFloat': 1.2}"
86,CardAbilitySettings.json,5,"{'ID': 'ankle2_tatum_duos', 'NameID': 'UI_ABILITY_DUOS', 'IconPath': 'data/cards/frames/textures/ability_icons/ability_01.tga', 'AbilityType': 0, 'DataTypeNum1': 23096, 'DataTypeNum2': -1, 'DataTypeNum3': -1, 'ActionType': 0, 'ActionDataTypeFloat': 1.2}"
86,CardAbilitySettings.json,5,"{'ID': 'ankle2_iverson_duos', 'NameID': 'UI_ABILITY_DUOS', 'IconPath': 'data/cards/frames/textures/ability_icons/ability_01.tga', 'AbilityType': 0, 'DataTypeNum1': 23099, 'DataTypeNum2': -1, 'DataTypeNum3': -1, 'ActionType': 0, 'ActionDataTypeFloat': 1.2}"
86,CardAbilitySettings.json,5,"{'ID': 'ankle2_maxey_duos', 'NameID': 'UI_ABILITY_DUOS', 'IconPath': 'data/cards/frames/textures/ability_icons/ability_01.tga', 'AbilityType': 0, 'DataTypeNum1': 23109, 'DataTypeNum2': -1, 'DataTypeNum3': -1, 'ActionType': 0, 'ActionDataTypeFloat': 1.2}"
86,CardAbilitySettings.json,5,"{'ID': 'ankle2_schroder_duos', 'NameID': 'UI_ABILITY_DUOS', 'IconPath': 'data/cards/frames/textures/ability_icons/ability_01.tga', 'AbilityType': 0, 'DataTypeNum1': 23097, 'DataTypeNum2': -1, 'DataTypeNum3': -1, 'ActionType': 0, 'ActionDataTypeFloat': 1.2}"
86,CardAbilitySettings.json,5,"{'ID': 'ankle2_siakam_duos', 'NameID': 'UI_ABILITY_DUOS', 'IconPath': 'data/cards/frames/textures/ability_icons/ability_01.tga', 'AbilityType': 0, 'DataTypeNum1': 23107, 'DataTypeNum2': -1, 'DataTypeNum3': -1, 'ActionType': 0, 'ActionDataTypeFloat': 1.2}"
86,CardAbilitySettings.json,5,"{'ID': 'ankle2_themeloyalty_x2', 'NameID': 'UI_ABILITY_THEME_LOYALTY', 'IconPath': 'data/cards/frames/textures/ability_icons/ability_06.tga', 'AbilityType': 2, 'DataTypeNum1': 2, 'DataTypeNum2': 82, 'DataTypeNum3': -1, 'ActionType': 0, 'ActionDataTypeFloat': 1.2}"
86,CardAbilitySettings.json,5,"{'ID': 'lifetime_parker_duos', 'NameID': 'UI_ABILITY_DUOS', 'IconPath': 'data/cards/frames/textures/ability_icons/ability_01.tga', 'AbilityType': 0, 'DataTypeNum1': 23121, 'DataTypeNum2': -1, 'DataTypeNum3': -1, 'ActionType': 0, 'ActionDataTypeFloat': 1.2}"
86,CardAbilitySettings.json,5,"{'ID': 'lifetime_duncan_duos', 'NameID': 'UI_ABILITY_DUOS', 'IconPath': 'data/cards/frames/textures/ability_icons/ability_01.tga', 'AbilityType': 0, 'DataTypeNum1': 23142, 'DataTypeNum2': -1, 'DataTypeNum3': -1, 'ActionType': 0, 'ActionDataTypeFloat': 1.2}"
86,CardAbilitySettings.json,5,"{'ID': 'lifetime_curry_duos', 'NameID': 'UI_ABILITY_DUOS', 'IconPath': 'data/cards/frames/textures/ability_icons/ability_01.tga', 'AbilityType': 0, 'DataTypeNum1': 23129, 'DataTypeNum2': -1, 'DataTypeNum3': -1, 'ActionType': 0, 'ActionDataTypeFloat': 1.2}"
86,CardAbilitySettings.json,5,"{'ID': 'lifetime_paul_duos', 'NameID': 'UI_ABILITY_DUOS', 'IconPath': 'data/cards/frames/textures/ability_icons/ability_01.tga', 'AbilityType': 0, 'DataTypeNum1': 23122, 'DataTypeNum2': -1, 'DataTypeNum3': -1, 'ActionType': 0, 'ActionDataTypeFloat': 1.2}"
86,CardAbilitySettings.json,5,"{'ID': 'lifetime_malone_duos', 'NameID': 'UI_ABILITY_DUOS', 'IconPath': 'data/cards/frames/textures/ability_icons/ability_01.tga', 'AbilityType': 0, 'DataTypeNum1': 23138, 'DataTypeNum2': -1, 'DataTypeNum3': -1, 'ActionType': 0, 'ActionDataTypeFloat': 1.2}"
86,CardAbilitySettings.json,5,"{'ID': 'lifetime_shaq_duos', 'NameID': 'UI_ABILITY_DUOS', 'IconPath': 'data/cards/frames/textures/ability_icons/ability_01.tga', 'AbilityType': 0, 'DataTypeNum1': 23141, 'DataTypeNum2': -1, 'DataTypeNum3': -1, 'ActionType': 0, 'ActionDataTypeFloat': 1.2}"
86,CardAbilitySettings.json,5,"{'ID': 'lny24_white_duos', 'NameID': 'UI_ABILITY_DUOS', 'IconPath': 'data/cards/frames/textures/ability_icons/ability_01.tga', 'AbilityType': 0, 'DataTypeNum1': 23221, 'DataTypeNum2': -1, 'DataTypeNum3': -1, 'ActionType': 0, 'ActionDataTypeFloat': 1.2}"
86,CardAbilitySettings.json,5,"{'ID': 'lny24_bridges_duos', 'NameID': 'UI_ABILITY_DUOS', 'IconPath': 'data/cards/frames/textures/ability_icons/ability_01.tga', 'AbilityType': 0, 'DataTypeNum1': 23201, 'DataTypeNum2': -1, 'DataTypeNum3': -1, 'ActionType': 0, 'ActionDataTypeFloat': 1.2}"
86,CardAbilitySettings.json,5,"{'ID': 'lny24_martin_duos', 'NameID': 'UI_ABILITY_DUOS', 'IconPath': 'data/cards/frames/textures/ability_icons/ability_01.tga', 'AbilityType': 0, 'DataTypeNum1': 23216, 'DataTypeNum2': -1, 'DataTypeNum3': -1, 'ActionType': 0, 'ActionDataTypeFloat': 1.2}"
86,CardAbilitySettings.json,5,"{'ID': 'lny24_anderson_duos', 'NameID': 'UI_ABILITY_DUOS', 'IconPath': 'data/cards/frames/textures/ability_icons/ability_01.tga', 'AbilityType': 0, 'DataTypeNum1': 23212, 'DataTypeNum2': -1, 'DataTypeNum3': -1, 'ActionType': 0, 'ActionDataTypeFloat': 1.2}"
86,CardAbilitySettings.json,5,"{'ID': 'lny24_pierce_duos', 'NameID': 'UI_ABILITY_DUOS', 'IconPath': 'data/cards/frames/textures/ability_icons/ability_01.tga', 'AbilityType': 0, 'DataTypeNum1': 23215, 'DataTypeNum2': -1, 'DataTypeNum3': -1, 'ActionType': 0, 'ActionDataTypeFloat': 1.2}"
86,CardAbilitySettings.json,5,"{'ID': 'lny24_lavine_duos', 'NameID': 'UI_ABILITY_DUOS', 'IconPath': 'data/cards/frames/textures/ability_icons/ability_01.tga', 'AbilityType': 0, 'DataTypeNum1': 23207, 'DataTypeNum2': -1, 'DataTypeNum3': -1, 'ActionType': 0, 'ActionDataTypeFloat': 1.2}"
86,CardAbilitySettings.json,5,"{'ID': 'lny24_themeloyalty_x2', 'NameID': 'UI_ABILITY_THEME_LOYALTY', 'IconPath': 'data/cards/frames/textures/ability_icons/ability_06.tga', 'AbilityType': 2, 'DataTypeNum1': 2, 'DataTypeNum2': 85, 'DataTypeNum3': -1, 'ActionType': 0, 'ActionDataTypeFloat': 1.2}"
86,CardAbilitySettings.json,5,"{'ID': 'unicorn_ticket_holder', 'NameID': 'UI_ABILITY_SUPER_TICKET_HOLDER', 'IconPath': 'data/cards/frames/textures/ability_icons/ability_11.tga', 'AbilityType': 8, 'DataTypeNum1': 0, 'DataTypeNum2': -1, 'DataTypeNum3': -1, 'ActionType': 2, 'ActionDataTypeFloat': 1.2}"
86,CardAbilitySettings.json,5,"{'ID': 'bhm_themeloyalty_x2', 'NameID': 'UI_ABILITY_THEME_LOYALTY', 'IconPath': 'data/cards/frames/textures/ability_icons/ability_06.tga', 'AbilityType': 2, 'DataTypeNum1': 2, 'DataTypeNum2': 86, 'DataTypeNum3': -1, 'ActionType': 0, 'ActionDataTypeFloat': 1.2}"
86,CardAbilitySettings.json,5,"{'ID': 'jam_smith_duos', 'NameID': 'UI_ABILITY_DUOS', 'IconPath': 'data/cards/frames/textures/ability_icons/ability_01.tga', 'AbilityType': 0, 'DataTypeNum1': 23464, 'DataTypeNum2': -1, 'DataTypeNum3': -1, 'ActionType': 0, 'ActionDataTypeFloat': 1.2}"
86,CardAbilitySettings.json,5,"{'ID': 'jam_green_duos', 'NameID': 'UI_ABILITY_DUOS', 'IconPath': 'data/cards/frames/textures/ability_icons/ability_01.tga', 'AbilityType': 0, 'DataTypeNum1': 23452, 'DataTypeNum2': -1, 'DataTypeNum3': -1, 'ActionType': 0, 'ActionDataTypeFloat': 1.2}"
86,CardAbilitySettings.json,5,"{'ID': 'jam_toppin_duos', 'NameID': 'UI_ABILITY_DUOS', 'IconPath': 'data/cards/frames/textures/ability_icons/ability_01.tga', 'AbilityType': 0, 'DataTypeNum1': 23461, 'DataTypeNum2': -1, 'DataTypeNum3': -1, 'ActionType': 0, 'ActionDataTypeFloat': 1.2}"
86,CardAbilitySettings.json,5,"{'ID': 'jam_hibbert_duos', 'NameID': 'UI_ABILITY_DUOS', 'IconPath': 'data/cards/frames/textures/ability_icons/ability_01.tga', 'AbilityType': 0, 'DataTypeNum1': 23442, 'DataTypeNum2': -1, 'DataTypeNum3': -1, 'ActionType': 0, 'ActionDataTypeFloat': 1.2}"
86,CardAbilitySettings.json,5,"{'ID': 'unicorn_event_special', 'NameID': 'UI_ABILITY_EVENT_SPECIAL', 'IconPath': 'data/cards/frames/textures/ability_icons/ability_13.tga', 'AbilityType': 10, 'DataTypeNum1': 4, 'DataTypeNum2': 2, 'DataTypeNum3': 5, 'ActionType': 0, 'ActionDataTypeFloat': 1.15}"
86,CardAbilitySettings.json,5,"{'ID': 'unicorn_event_master', 'NameID': 'UI_ABILITY_EVENT_MASTER', 'IconPath': 'data/cards/frames/textures/ability_icons/ability_12.tga', 'AbilityType': 10, 'DataTypeNum1': 4, 'DataTypeNum2': 2, 'DataTypeNum3': 5, 'ActionType': 0, 'ActionDataTypeFloat': 1.25}"
86,CardAbilitySettings.json,5,"{'ID': 'p24_chet_duos', 'NameID': 'UI_ABILITY_DUOS', 'IconPath': 'data/cards/frames/textures/ability_icons/ability_01.tga', 'AbilityType': 0, 'DataTypeNum1': 23561, 'DataTypeNum2': -1, 'DataTypeNum3': -1, 'ActionType': 0, 'ActionDataTypeFloat': 1.2}"
86,CardAbilitySettings.json,5,"{'ID': 'p24_jbrown_duos', 'NameID': 'UI_ABILITY_DUOS', 'IconPath': 'data/cards/frames/textures/ability_icons/ability_01.tga', 'AbilityType': 0, 'DataTypeNum1': 23562, 'DataTypeNum2': -1, 'DataTypeNum3': -1, 'ActionType': 0, 'ActionDataTypeFloat': 1.2}"
86,CardAbilitySettings.json,5,"{'ID': 'p24_tatum_duos', 'NameID': 'UI_ABILITY_DUOS', 'IconPath': 'data/cards/frames/textures/ability_icons/ability_01.tga', 'AbilityType': 0, 'DataTypeNum1': 23553, 'DataTypeNum2': -1, 'DataTypeNum3': -1, 'ActionType': 0, 'ActionDataTypeFloat': 1.2}"
86,CardAbilitySettings.json,5,"{'ID': 'p24_doncic_duos', 'NameID': 'UI_ABILITY_DUOS', 'IconPath': 'data/cards/frames/textures/ability_icons/ability_01.tga', 'AbilityType': 0, 'DataTypeNum1': 23552, 'DataTypeNum2': -1, 'DataTypeNum3': -1, 'ActionType': 0, 'ActionDataTypeFloat': 1.2}"
86,CardAbilitySettings.json,5,"{'ID': 'p24_irving_duos', 'NameID': 'UI_ABILITY_DUOS', 'IconPath': 'data/cards/frames/textures/ability_icons/ability_01.tga', 'AbilityType': 0, 'DataTypeNum1': 23570, 'DataTypeNum2': -1, 'DataTypeNum3': -1, 'ActionType': 0, 'ActionDataTypeFloat': 1.2}"
86,CardAbilitySettings.json,5,"{'ID': 'p24_maxey_duos', 'NameID': 'UI_ABILITY_DUOS', 'IconPath': 'data/cards/frames/textures/ability_icons/ability_01.tga', 'AbilityType': 0, 'DataTypeNum1': 23575, 'DataTypeNum2': -1, 'DataTypeNum3': -1, 'ActionType': 0, 'ActionDataTypeFloat': 1.2}"
86,CardAbilitySettings.json,5,"{'ID': 'p24_embiid_duos', 'NameID': 'UI_ABILITY_DUOS', 'IconPath': 'data/cards/frames/textures/ability_icons/ability_01.tga', 'AbilityType': 0, 'DataTypeNum1': 23584, 'DataTypeNum2': -1, 'DataTypeNum3': -1, 'ActionType': 0, 'ActionDataTypeFloat': 1.2}"
86,CardAbilitySettings.json,5,"{'ID': 'p24_fox_duos', 'NameID': 'UI_ABILITY_DUOS', 'IconPath': 'data/cards/frames/textures/ability_icons/ability_01.tga', 'AbilityType': 0, 'DataTypeNum1': 23581, 'DataTypeNum2': -1, 'DataTypeNum3': -1, 'ActionType': 0, 'ActionDataTypeFloat': 1.2}"
86,CardAbilitySettings.json,5,"{'ID': 'p24_sabonis_duos', 'NameID': 'UI_ABILITY_DUOS', 'IconPath': 'data/cards/frames/textures/ability_icons/ability_01.tga', 'AbilityType': 0, 'DataTypeNum1': 23566, 'DataTypeNum2': -1, 'DataTypeNum3': -1, 'ActionType': 0, 'ActionDataTypeFloat': 1.2}"
86,CardAbilitySettings.json,5,"{'ID': 'p24_shai_duos', 'NameID': 'UI_ABILITY_DUOS', 'IconPath': 'data/cards/frames/textures/ability_icons/ability_01.tga', 'AbilityType': 0, 'DataTypeNum1': 23549, 'DataTypeNum2': -1, 'DataTypeNum3': -1, 'ActionType': 0, 'ActionDataTypeFloat': 1.2}"
86,CardAbilitySettings.json,5,"{'ID': 's6sumr_themeloyalty_x3', 'NameID': 'UI_ABILITY_THEME_LOYALTY3', 'IconPath': 'data/cards/frames/textures/ability_icons/ability_06.tga', 'AbilityType': 2, 'DataTypeNum1': 3, 'DataTypeNum2': 102, 'DataTypeNum3': -1, 'ActionType': 0, 'ActionDataTypeFloat': 1.2}"
86,CardAbilitySettings.json,5,"{'ID': 's6goat_wade_duos', 'NameID': 'UI_ABILITY_DUOS', 'IconPath': 'data/cards/frames/textures/ability_icons/ability_01.tga', 'AbilityType': 0, 'DataTypeNum1': 23703, 'DataTypeNum2': -1, 'DataTypeNum3': -1, 'ActionType': 0, 'ActionDataTypeFloat': 1.2}"
86,CardAbilitySettings.json,5,"{'ID': 's6goat_james_duos', 'NameID': 'UI_ABILITY_DUOS', 'IconPath': 'data/cards/frames/textures/ability_icons/ability_01.tga', 'AbilityType': 0, 'DataTypeNum1': 23687, 'DataTypeNum2': -1, 'DataTypeNum3': -1, 'ActionType': 0, 'ActionDataTypeFloat': 1.2}"
86,CardAbilitySettings.json,5,"{'ID': 's6goat_bryant_duos', 'NameID': 'UI_ABILITY_DUOS', 'IconPath': 'data/cards/frames/textures/ability_icons/ability_01.tga', 'AbilityType': 0, 'DataTypeNum1': 23686, 'DataTypeNum2': -1, 'DataTypeNum3': -1, 'ActionType': 0, 'ActionDataTypeFloat': 1.2}"
86,CardAbilitySettings.json,5,"{'ID': 's6goat_shaq_duos', 'NameID': 'UI_ABILITY_DUOS', 'IconPath': 'data/cards/frames/textures/ability_icons/ability_01.tga', 'AbilityType': 0, 'DataTypeNum1': 23695, 'DataTypeNum2': -1, 'DataTypeNum3': -1, 'ActionType': 0, 'ActionDataTypeFloat': 1.2}"
86,CardAbilitySettings.json,5,"{'ID': 'shst_themeloyalty_x2', 'NameID': 'UI_ABILITY_THEME_LOYALTY', 'IconPath': 'data/cards/frames/textures/ability_icons/ability_06.tga', 'AbilityType': 2, 'DataTypeNum1': 2, 'DataTypeNum2': 104, 'DataTypeNum3': -1, 'ActionType': 0, 'ActionDataTypeFloat': 1.2}"
86,CardAbilitySettings.json,5,"{'ID': 'teamusa_themeloyalty_x3', 'NameID': 'UI_ABILITY_THEME_LOYALTY3', 'IconPath': 'data/cards/frames/textures/ability_icons/ability_06.tga', 'AbilityType': 2, 'DataTypeNum1': 3, 'DataTypeNum2': 111, 'DataTypeNum3': -1, 'ActionType': 0, 'ActionDataTypeFloat': 1.2}"
86,CardAbilitySettings.json,5,"{'ID': 'curry_team_loyalty_x4', 'NameID': 'UI_ABILITY_TEAM_STAR', 'IconPath': 'data/cards/frames/textures/ability_icons/ability_14.tga', 'AbilityType': 1, 'DataTypeNum1': 4, 'DataTypeNum2': -1, 'DataTypeNum3': -1, 'ActionType': 0, 'ActionDataTypeFloat': 1.3}"
86,CardAbilitySettings.json,5,"{'ID': 'curry_elite_team_loyalty_x4', 'NameID': 'UI_ABILITY_TEAM_SUPERSTAR', 'IconPath': 'data/cards/frames/textures/ability_icons/ability_15.tga', 'AbilityType': 1, 'DataTypeNum1': 4, 'DataTypeNum2': -1, 'DataTypeNum3': -1, 'ActionType': 0, 'ActionDataTypeFloat': 1.35}"
86,CardAbilitySettings.json,5,"{'ID': 'gamers_themeloyalty_x3', 'NameID': 'UI_ABILITY_THEME_LOYALTY3', 'IconPath': 'data/cards/frames/textures/ability_icons/ability_06.tga', 'AbilityType': 2, 'DataTypeNum1': 3, 'DataTypeNum2': 107, 'DataTypeNum3': -1, 'ActionType': 0, 'ActionDataTypeFloat': 1.2}"
86,CardAbilitySettings.json,5,"{'ID': 'fmvp_shaq_duos', 'NameID': 'UI_ABILITY_DUOS', 'IconPath': 'data/cards/frames/textures/ability_icons/ability_01.tga', 'AbilityType': 0, 'DataTypeNum1': 23932, 'DataTypeNum2': -1, 'DataTypeNum3': -1, 'ActionType': 0, 'ActionDataTypeFloat': 1.2}"
86,CardAbilitySettings.json,5,"{'ID': 'fmvp_west_duos', 'NameID': 'UI_ABILITY_DUOS', 'IconPath': 'data/cards/frames/textures/ability_icons/ability_01.tga', 'AbilityType': 0, 'DataTypeNum1': 23918, 'DataTypeNum2': -1, 'DataTypeNum3': -1, 'ActionType': 0, 'ActionDataTypeFloat': 1.2}"
86,CardAbilitySettings.json,5,"{'ID': 's7fall_themeloyalty_x2', 'NameID': 'UI_ABILITY_THEME_LOYALTY', 'IconPath': 'data/cards/frames/textures/ability_icons/ability_06.tga', 'AbilityType': 2, 'DataTypeNum1': 2, 'DataTypeNum2': 115, 'DataTypeNum3': -1, 'ActionType': 0, 'ActionDataTypeFloat': 1.2}"
86,CardAbilitySettings.json,5,"{'ID': 'trios', 'NameID': 'UI_ABILITY_TRIOS', 'IconPath': 'data/cards/frames/textures/ability_icons/ability_16.tga', 'AbilityType': 0, 'DataTypeNum1': 23773, 'DataTypeNum2': 23774, 'DataTypeNum3': 23775, 'ActionType': 0, 'ActionDataTypeFloat': 1.25}"
86,CardAbilitySettings.json,5,"{'ID': 'trios_bulls', 'NameID': 'UI_ABILITY_TRIOS', 'IconPath': 'data/cards/frames/textures/ability_icons/ability_16.tga', 'AbilityType': 0, 'DataTypeNum1': 24219, 'DataTypeNum2': 24232, 'DataTypeNum3': 24239, 'ActionType': 0, 'ActionDataTypeFloat': 1.25}"
86,CardAbilitySettings.json,5,"{'ID': 'trios_lakers', 'NameID': 'UI_ABILITY_TRIOS', 'IconPath': 'data/cards/frames/textures/ability_icons/ability_16.tga', 'AbilityType': 0, 'DataTypeNum1': 24220, 'DataTypeNum2': 24221, 'DataTypeNum3': 24233, 'ActionType': 0, 'ActionDataTypeFloat': 1.25}"
86,CardAbilitySettings.json,5,"{'ID': 'trios_rockets', 'NameID': 'UI_ABILITY_TRIOS', 'IconPath': 'data/cards/frames/textures/ability_icons/ability_16.tga', 'AbilityType': 0, 'DataTypeNum1': 24222, 'DataTypeNum2': 24235, 'DataTypeNum3': 24242, 'ActionType': 0, 'ActionDataTypeFloat': 1.25}"
86,CardAbilitySettings.json,5,"{'ID': 'trios_warriors', 'NameID': 'UI_ABILITY_TRIOS', 'IconPath': 'data/cards/frames/textures/ability_icons/ability_16.tga', 'AbilityType': 0, 'DataTypeNum1': 24223, 'DataTypeNum2': 24231, 'DataTypeNum3': 24238, 'ActionType': 0, 'ActionDataTypeFloat': 1.25}"
86,CardAbilitySettings.json,5,"{'ID': 'trios_celtics', 'NameID': 'UI_ABILITY_TRIOS', 'IconPath': 'data/cards/frames/textures/ability_icons/ability_16.tga', 'AbilityType': 0, 'DataTypeNum1': 24224, 'DataTypeNum2': 24225, 'DataTypeNum3': 24228, 'ActionType': 0, 'ActionDataTypeFloat': 1.25}"
86,CardAbilitySettings.json,5,"{'ID': 'trios_spurs', 'NameID': 'UI_ABILITY_TRIOS', 'IconPath': 'data/cards/frames/textures/ability_icons/ability_16.tga', 'AbilityType': 0, 'DataTypeNum1': 24226, 'DataTypeNum2': 24240, 'DataTypeNum3': 24241, 'ActionType': 0, 'ActionDataTypeFloat': 1.25}"
86,CardAbilitySettings.json,5,"{'ID': 'trios_suns', 'NameID': 'UI_ABILITY_TRIOS', 'IconPath': 'data/cards/frames/textures/ability_icons/ability_16.tga', 'AbilityType': 0, 'DataTypeNum1': 24227, 'DataTypeNum2': 24230, 'DataTypeNum3': 24237, 'ActionType': 0, 'ActionDataTypeFloat': 1.25}"
86,CardAbilitySettings.json,5,"{'ID': 'trios_pistons', 'NameID': 'UI_ABILITY_TRIOS', 'IconPath': 'data/cards/frames/textures/ability_icons/ability_16.tga', 'AbilityType': 0, 'DataTypeNum1': 24229, 'DataTypeNum2': 24234, 'DataTypeNum3': 24236, 'ActionType': 0, 'ActionDataTypeFloat': 1.25}"
86,CardAbilitySettings.json,5,"{'ID': 's7ftb_irving_duos', 'NameID': 'UI_ABILITY_DUOS', 'IconPath': 'data/cards/frames/textures/ability_icons/ability_01.tga', 'AbilityType': 0, 'DataTypeNum1': 24288, 'DataTypeNum2': -1, 'DataTypeNum3': -1, 'ActionType': 0, 'ActionDataTypeFloat': 1.2}"
86,CardAbilitySettings.json,5,"{'ID': 's7ftb_nowitzki_duos', 'NameID': 'UI_ABILITY_DUOS', 'IconPath': 'data/cards/frames/textures/ability_icons/ability_01.tga', 'AbilityType': 0, 'DataTypeNum1': 24285, 'DataTypeNum2': -1, 'DataTypeNum3': -1, 'ActionType': 0, 'ActionDataTypeFloat': 1.2}"
86,CardAbilitySettings.json,5,"{'ID': 's7ftb_andersen_duos', 'NameID': 'UI_ABILITY_DUOS', 'IconPath': 'data/cards/frames/textures/ability_icons/ability_01.tga', 'AbilityType': 0, 'DataTypeNum1': 24284, 'DataTypeNum2': -1, 'DataTypeNum3': -1, 'ActionType': 0, 'ActionDataTypeFloat': 1.2}"
86,CardAbilitySettings.json,5,"{'ID': 's7ftb_love_duos', 'NameID': 'UI_ABILITY_DUOS', 'IconPath': 'data/cards/frames/textures/ability_icons/ability_01.tga', 'AbilityType': 0, 'DataTypeNum1': 24286, 'DataTypeNum2': -1, 'DataTypeNum3': -1, 'ActionType': 0, 'ActionDataTypeFloat': 1.2}"
86,CardAbilitySettings.json,5,"{'ID': 's7ftb_themeloyalty_x2', 'NameID': 'UI_ABILITY_THEME_LOYALTY', 'IconPath': 'data/cards/frames/textures/ability_icons/ability_06.tga', 'AbilityType': 2, 'DataTypeNum1': 2, 'DataTypeNum2': 121, 'DataTypeNum3': -1, 'ActionType': 0, 'ActionDataTypeFloat': 1.2}"
86,CardAbilitySettings.json,5,"{'ID': 'nbacup_themeloyalty_x2', 'NameID': 'UI_ABILITY_THEME_LOYALTY', 'IconPath': 'data/cards/frames/textures/ability_icons/ability_06.tga', 'AbilityType': 2, 'DataTypeNum1': 2, 'DataTypeNum2': 119, 'DataTypeNum3': -1, 'ActionType': 0, 'ActionDataTypeFloat': 1.2}"
86,CardAbilitySettings.json,5,"{'ID': 'trippy_themeloyalty_x2', 'NameID': 'UI_ABILITY_THEME_LOYALTY', 'IconPath': 'data/cards/frames/textures/ability_icons/ability_06.tga', 'AbilityType': 2, 'DataTypeNum1': 2, 'DataTypeNum2': 118, 'DataTypeNum3': -1, 'ActionType': 0, 'ActionDataTypeFloat': 1.2}"
86,CardAbilitySettings.json,5,"{'ID': 'lny25_themeloyalty_x3', 'NameID': 'UI_ABILITY_THEME_LOYALTY3', 'IconPath': 'data/cards/frames/textures/ability_icons/ability_06.tga', 'AbilityType': 2, 'DataTypeNum1': 3, 'DataTypeNum2': 126, 'DataTypeNum3': -1, 'ActionType': 0, 'ActionDataTypeFloat': 1.2}"
86,CardAbilitySettings.json,5,"{'ID': 's7bhm_themeloyalty_x3', 'NameID': 'UI_ABILITY_THEME_LOYALTY3', 'IconPath': 'data/cards/frames/textures/ability_icons/ability_06.tga', 'AbilityType': 2, 'DataTypeNum1': 3, 'DataTypeNum2': -1, 'DataTypeNum3': -1, 'ActionType': 0, 'ActionDataTypeFloat': 1.2}"
86,CardAbilitySettings.json,5,"{'ID': 'joker_event_special', 'NameID': 'UI_ABILITY_EVENT_SPECIAL', 'IconPath': 'data/cards/frames/textures/ability_icons/ability_13.tga', 'AbilityType': 10, 'DataTypeNum1': 8, 'DataTypeNum2': 3, 'DataTypeNum3': 1, 'ActionType': 0, 'ActionDataTypeFloat': 1.15}"
86,CardAbilitySettings.json,5,"{'ID': 'joker_event_master', 'NameID': 'UI_ABILITY_EVENT_MASTER', 'IconPath': 'data/cards/frames/textures/ability_icons/ability_12.tga', 'AbilityType': 10, 'DataTypeNum1': 8, 'DataTypeNum2': 3, 'DataTypeNum3': 1, 'ActionType': 0, 'ActionDataTypeFloat': 1.25}"
86,CardAbilitySettings.json,5,"{'ID': 'greek_event_special', 'NameID': 'UI_ABILITY_EVENT_SPECIAL', 'IconPath': 'data/cards/frames/textures/ability_icons/ability_13.tga', 'AbilityType': 10, 'DataTypeNum1': 7, 'DataTypeNum2': 6, 'DataTypeNum3': 4, 'ActionType': 0, 'ActionDataTypeFloat': 1.15}"
86,CardAbilitySettings.json,5,"{'ID': 'greek_event_master', 'NameID': 'UI_ABILITY_EVENT_MASTER', 'IconPath': 'data/cards/frames/textures/ability_icons/ability_12.tga', 'AbilityType': 10, 'DataTypeNum1': 7, 'DataTypeNum2': 6, 'DataTypeNum3': 4, 'ActionType': 0, 'ActionDataTypeFloat': 1.25}"
86,CardAbilitySettings.json,5,"{'ID': 'fthrowers_dell_duos', 'NameID': 'UI_ABILITY_DUOS', 'IconPath': 'data/cards/frames/textures/ability_icons/ability_01.tga', 'AbilityType': 0, 'DataTypeNum1': 24820, 'DataTypeNum2': -1, 'DataTypeNum3': -1, 'ActionType': 0, 'ActionDataTypeFloat': 1.2}"
86,CardAbilitySettings.json,5,"{'ID': 'fthrowers_steph_duos', 'NameID': 'UI_ABILITY_DUOS', 'IconPath': 'data/cards/frames/textures/ability_icons/ability_01.tga', 'AbilityType': 0, 'DataTypeNum1': 24811, 'DataTypeNum2': -1, 'DataTypeNum3': -1, 'ActionType': 0, 'ActionDataTypeFloat': 1.2}"
86,CardAbilitySettings.json,5,"{'ID': 'fthrowers_themeloyalty_x3', 'NameID': 'UI_ABILITY_THEME_LOYALTY3', 'IconPath': 'data/cards/frames/textures/ability_icons/ability_06.tga', 'AbilityType': 2, 'DataTypeNum1': 3, 'DataTypeNum2': 129, 'DataTypeNum3': -1, 'ActionType': 0, 'ActionDataTypeFloat': 1.2}"
86,CardAbilitySettings.json,5,"{'ID': 'fthrowers_themeloyalty_x2', 'NameID': 'UI_ABILITY_THEME_LOYALTY', 'IconPath': 'data/cards/frames/textures/ability_icons/ability_06.tga', 'AbilityType': 2, 'DataTypeNum1': 2, 'DataTypeNum2': 129, 'DataTypeNum3': -1, 'ActionType': 0, 'ActionDataTypeFloat': 1.2}"
86,CardAbilitySettings.json,5,"{'ID': 'scorelead_themeloyalty_x3', 'NameID': 'UI_ABILITY_THEME_LOYALTY3', 'IconPath': 'data/cards/frames/textures/ability_icons/ability_06.tga', 'AbilityType': 2, 'DataTypeNum1': 3, 'DataTypeNum2': 131, 'DataTypeNum3': -1, 'ActionType': 0, 'ActionDataTypeFloat': 1.2}"
86,CardAbilitySettings.json,5,"{'ID': 'bigf_team_star', 'NameID': 'UI_ABILITY_TEAM_STAR_X2', 'IconPath': 'data/cards/frames/textures/ability_icons/ability_14.tga', 'AbilityType': 1, 'DataTypeNum1': 2, 'DataTypeNum2': -1, 'DataTypeNum3': -1, 'ActionType': 0, 'ActionDataTypeFloat': 1.3}"
86,CardAbilitySettings.json,5,"{'ID': 'bigf_team_superstar', 'NameID': 'UI_ABILITY_TEAM_SUPERSTAR_X2', 'IconPath': 'data/cards/frames/textures/ability_icons/ability_15.tga', 'AbilityType': 1, 'DataTypeNum1': 2, 'DataTypeNum2': -1, 'DataTypeNum3': -1, 'ActionType': 0, 'ActionDataTypeFloat': 1.35}"
86,CardAbilitySettings.json,5,"{'ID': 'bunnies_themeloyalty_x3', 'NameID': 'UI_ABILITY_THEME_LOYALTY3', 'IconPath': 'data/cards/frames/textures/ability_icons/ability_06.tga', 'AbilityType': 2, 'DataTypeNum1': 3, 'DataTypeNum2': 132, 'DataTypeNum3': -1, 'ActionType': 0, 'ActionDataTypeFloat': 1.2}"
86,CardAbilitySettings.json,5,"{'ID': 'playoffs25_theme_loyalty_major_x3', 'NameID': 'UI_ABILITY_THEME_LOYALTY3', 'IconPath': 'data/cards/frames/textures/ability_icons/ability_06.tga', 'AbilityType': 2, 'DataTypeNum1': 3, 'DataTypeNum2': 133, 'DataTypeNum3': -1, 'ActionType': 0, 'ActionDataTypeFloat': 1.2}"
86,CardAbilitySettings.json,5,"{'ID': 'playoffs25_theme_loyalty_min_x2', 'NameID': 'UI_ABILITY_THEME_LOYALTY', 'IconPath': 'data/cards/frames/textures/ability_icons/ability_06.tga', 'AbilityType': 2, 'DataTypeNum1': 2, 'DataTypeNum2': 133, 'DataTypeNum3': -1, 'ActionType': 0, 'ActionDataTypeFloat': 1.15}"
86,CardAbilitySettings.json,5,"{'ID': 's7goldenweek_theme_loyalty_major_x3', 'NameID': 'UI_ABILITY_THEME_LOYALTY3', 'IconPath': 'data/cards/frames/textures/ability_icons/ability_06.tga', 'AbilityType': 2, 'DataTypeNum1': 3, 'DataTypeNum2': 134, 'DataTypeNum3': -1, 'ActionType': 0, 'ActionDataTypeFloat': 1.2}"
86,CardAbilitySettings.json,5,"{'ID': 's7goldenweek_theme_loyalty_min_x2', 'NameID': 'UI_ABILITY_THEME_LOYALTY', 'IconPath': 'data/cards/frames/textures/ability_icons/ability_06.tga', 'AbilityType': 2, 'DataTypeNum1': 2, 'DataTypeNum2': 134, 'DataTypeNum3': -1, 'ActionType': 0, 'ActionDataTypeFloat': 1.15}"
86,CardAbilitySettings.json,5,"{'ID': 'arcade_theme_loyalty_min_x2', 'NameID': 'UI_ABILITY_THEME_LOYALTY', 'IconPath': 'data/cards/frames/textures/ability_icons/ability_06.tga', 'AbilityType': 2, 'DataTypeNum1': 2, 'DataTypeNum2': 135, 'DataTypeNum3': -1, 'ActionType': 0, 'ActionDataTypeFloat': 1.15}"
86,CardAbilitySettings.json,5,"{'ID': '50p_theme_loyalty_major_x3', 'NameID': 'UI_ABILITY_THEME_LOYALTY3', 'IconPath': 'data/cards/frames/textures/ability_icons/ability_06.tga', 'AbilityType': 2, 'DataTypeNum1': 3, 'DataTypeNum2': 136, 'DataTypeNum3': -1, 'ActionType': 0, 'ActionDataTypeFloat': 1.2}"
86,CardAbilitySettings.json,5,"{'ID': '50p_theme_loyalty_min_x2', 'NameID': 'UI_ABILITY_THEME_LOYALTY', 'IconPath': 'data/cards/frames/textures/ability_icons/ability_06.tga', 'AbilityType': 2, 'DataTypeNum1': 2, 'DataTypeNum2': 136, 'DataTypeNum3': -1, 'ActionType': 0, 'ActionDataTypeFloat': 1.15}"
